,equity
2010-01-04,100875.28496085768
2010-01-05,102083.02922546034
2010-01-06,102179.6478997386
2010-01-07,102178.52757989531
2010-01-08,102362.68460666304
2010-01-11,102326.41522609358
2010-01-12,99901.63834678297
2010-01-13,101010.87642919188
2010-01-14,100754.12456285124
2010-01-15,99140.9427305377
2010-01-19,100458.50293885832
2010-01-20,99348.36961709624
2010-01-21,97846.85619031554
2010-01-22,94320.85032235747
2010-01-25,94795.90269385939
2010-01-26,94689.48930894499
2010-01-27,95012.62712775831
2010-01-28,92972.103817097
2010-01-29,91088.93990289335
2010-02-01,93677.24636949875
2010-02-02,95066.82643093445
2010-02-03,94408.9556714473
2010-02-04,90289.72582687714
2010-02-05,90538.46238483765
2010-02-08,90193.54298557618
2010-02-09,91784.77172197678
2010-02-10,91586.65103449204
2010-02-11,92981.62325491288
2010-02-12,92793.17367758133
2010-02-16,94927.26461328843
2010-02-17,95286.8741136966
2010-02-18,95951.75986780503
2010-02-19,96168.21840872147
2010-02-22,96368.88559975007
2010-02-23,94865.60264171936
2010-02-24,96018.26045622208
2010-02-25,95694.64444221833
2010-02-26,96015.56606354096
2010-03-01,98219.35486242497
2010-03-02,98646.68015644276
2010-03-03,98707.52774879658
2010-03-04,98965.40356323445
2010-03-05,101101.65739128315
2010-03-08,101506.62155983174
2010-03-09,101977.7419640752
2010-03-10,103405.11945554936
2010-03-11,103750.28119871342
2010-03-12,103847.99864837849
2010-03-15,103213.78332826817
2010-03-16,104824.58623430454
2010-03-17,106047.67151853764
2010-03-18,105267.2273232671
2010-03-19,103484.3526761266
2010-03-22,105886.70088026249
2010-03-23,107140.6666314336
2010-03-24,106728.18010208332
2010-03-25,106299.9984919759
2010-03-26,106750.77096912586
2010-03-29,107631.5885026189
2010-03-30,107605.59217807972
2010-03-31,106925.3157374593
2010-04-01,107985.32491620128
2010-04-05,110375.7882536227
2010-04-06,110714.43425973003
2010-04-07,109834.3534882838
2010-04-08,110800.21522267406
2010-04-09,111643.3580053622
2010-04-12,112059.4540112788
2010-04-13,112267.10626729076
2010-04-14,114733.46818335597
2010-04-15,114577.62907107417
2010-04-16,111970.1442497546
2010-04-19,111042.76626380031
2010-04-20,113102.44302685802
2010-04-21,113406.02319224422
2010-04-22,115408.95205386226
2010-04-23,117096.3055237109
2010-04-26,117353.42761691158
2010-04-27,113004.10110934322
2010-04-28,113361.35597880428
2010-04-29,116136.44647009914
2010-04-30,112390.99241240566
2010-05-03,115329.65625296746
2010-05-04,111070.5124794117
2010-05-05,109767.71780739937
2010-05-06,105217.4113198391
2010-05-07,102215.41602193032
2010-05-10,109568.75167189751
2010-05-11,109256.9373918644
2010-05-12,112659.69387303505
2010-05-13,110802.83063708458
2010-05-14,107314.99814330254
2010-05-17,107365.39790497933
2010-05-18,104975.54071437035
2010-05-19,104162.41231642876
2010-05-20,99029.855540382
2010-05-21,102071.06638966713
2010-05-24,100619.19760142479
2010-05-25,101061.14620600853
2010-05-26,100945.62126742516
2010-05-27,106154.17696725045
2010-05-28,104357.71237145577
2010-06-01,101704.803042884
2010-06-02,105286.6505670501
2010-06-03,106266.89396810067
2010-06-04,100854.99127673639
2010-06-07,97621.7500967933
2010-06-08,98733.59409904016
2010-06-09,98707.70168590081
2010-06-10,102525.60545682443
2010-06-11,103912.02851104272
2010-06-14,104474.91609525216
2010-06-15,107897.23225020898
2010-06-16,107932.36048459543
2010-06-17,107571.79309796823
2010-06-18,107336.16037559045
2010-06-21,106738.5564885093
2010-06-22,103800.77535199655
2010-06-23,104315.9243779136
2010-06-24,101711.41453933252
2010-06-25,102675.56638955606
2010-06-28,101643.63239144815
2010-06-29,96257.3354849769
2010-06-30,95245.59218453897
2010-07-01,94786.07224130354
2010-07-02,93227.09796619139
2010-07-06,92705.78616094313
2010-07-07,97084.04064988813
2010-07-08,98113.54863023481
2010-07-09,99536.50816440306
2010-07-12,99165.04109382353
2010-07-13,101979.2275629016
2010-07-14,102119.43453073225
2010-07-15,101500.08369111738
2010-07-16,97796.38246392927
2010-07-19,98174.76839828215
2010-07-20,99991.35382032118
2010-07-21,98726.59871244154
2010-07-22,102549.97859716139
2010-07-23,104479.30179929457
2010-07-26,106738.46101474485
2010-07-27,105586.61415004454
2010-07-28,104781.78491115294
2010-07-29,104328.76812267027
2010-07-30,104524.96083545408
2010-08-02,107140.27192012685
2010-08-03,106335.26529685872
2010-08-04,107367.23576061147
2010-08-05,106676.04659549611
2010-08-06,106273.74797622579
2010-08-09,107213.91323987859
2010-08-10,105993.42169706243
2010-08-11,102491.29629651921
2010-08-12,101902.07759420293
2010-08-13,101603.51427881139
2010-08-16,101754.47862140553
2010-08-17,103676.27503196614
2010-08-18,104197.0115083875
2010-08-19,102131.73702613729
2010-08-20,102378.63333932775
2010-08-23,101358.46222440618
2010-08-24,99349.68667451756
2010-08-25,100192.45266906636
2010-08-26,99415.57128230947
2010-08-27,101635.5293521108
2010-08-30,99667.25519172566
2010-08-31,99966.38986865895
2010-09-01,103429.31637974281
2010-09-02,104963.56309767265
2010-09-03,107053.86303015251
2010-09-07,105778.36159821053
2010-09-08,106610.24214334984
2010-09-09,106227.42350836296
2010-09-10,106711.49439831276
2010-09-13,108771.3804952671
2010-09-14,109042.86345692177
2010-09-15,109458.08943481941
2010-09-16,109468.33010645409
2010-09-17,109722.220242696
2010-09-20,112075.82615061302
2010-09-21,111707.99671097298
2010-09-22,110428.68320055504
2010-09-23,109717.84642286797
2010-09-24,112843.647479253
2010-09-27,112346.15674515266
2010-09-28,113327.32188530464
2010-09-29,113233.22619648476
2010-09-30,112852.55581350822
2010-10-01,113135.05399681377
2010-10-04,112930.11084200192
2010-10-05,115213.4431116705
2010-10-06,113521.12390352535
2010-10-07,113647.30959059048
2010-10-08,114585.52462412167
2010-10-11,114324.56100441265
2010-10-12,115590.90714527416
2010-10-13,116194.16721082974
2010-10-14,116092.45581556606
2010-10-15,116440.8255250578
2010-10-18,116695.07296015072
2010-10-19,114658.58861280727
2010-10-20,116268.98812938976
2010-10-21,116006.60710550594
2010-10-22,116941.09075428295
2010-10-25,117439.315515769
2010-10-26,117488.64005352306
2010-10-27,117658.20442844677
2010-10-28,117690.63282991695
2010-10-29,118252.23204256344
2010-11-01,118258.28039446406
2010-11-02,119464.69179192118
2010-11-03,120178.00697699122
2010-11-04,122116.75171509318
2010-11-05,122885.61018600993
2010-11-08,123123.54342880778
2010-11-09,121488.15345230632
2010-11-10,122439.20786037974
2010-11-11,122358.64749470286
2010-11-12,120728.65512123637
2010-11-15,120367.47218885951
2010-11-16,117983.52260008387
2010-11-17,118782.47390118174
2010-11-18,120693.97304049067
2010-11-19,121888.40286150508
2010-11-22,123552.8629907661
2010-11-23,122198.26088991694
2010-11-24,124859.14409390025
2010-11-26,124483.92893448405
2010-11-29,123886.68133583598
2010-11-30,123244.97780743174
2010-12-01,126029.36770910668
2010-12-02,126838.28559154915
2010-12-03,127455.67489904808
2010-12-06,127286.94296402382
2010-12-07,127155.59306902337
2010-12-08,127263.49250597405
2010-12-09,128043.42025036263
2010-12-10,129084.10361046242
2010-12-13,128130.55755371499
2010-12-14,127588.68590206551
2010-12-15,126992.8937005465
2010-12-16,128821.50805181908
2010-12-17,129570.51877874779
2010-12-20,130206.92213053154
2010-12-21,131222.00275654244
2010-12-22,130696.88002390313
2010-12-23,130072.15134472298
2010-12-27,130451.32384437966
2010-12-28,129716.62043613839
2010-12-29,130098.5725488131
2010-12-30,130050.21871084618
2010-12-31,129419.6784166758
2011-01-03,131375.34129574432
2011-01-04,130592.500082518
2011-01-05,131874.21306088104
2011-01-06,131328.6658311142
2011-01-07,131538.6519513382
2011-01-10,132271.02943995132
2011-01-11,131819.87298920288
2011-01-12,132564.8068642868
2011-01-13,132531.3045506729
2011-01-14,133653.31131746902
2011-01-18,133822.2499633087
2011-01-19,131794.19634297027
2011-01-20,129608.07379868164
2011-01-21,129144.30620529785
2011-01-24,129574.78782894745
2011-01-25,129394.48023846283
2011-01-26,131450.9882354988
2011-01-27,132580.1194734825
2011-01-28,129203.52716305389
2011-01-31,130192.21579792633
2011-02-01,132367.8443538425
2011-02-02,132168.71047704195
2011-02-03,132886.04036157107
2011-02-04,133962.92435615038
2011-02-07,135048.6911813495
2011-02-08,136112.34509866213
2011-02-09,135881.5578848598
2011-02-10,136564.76372067904
2011-02-11,138444.44084947085
2011-02-14,139111.59649913287
2011-02-15,138211.60143725848
2011-02-16,138967.77873008227
2011-02-17,138836.99691932177
2011-02-18,138879.55972163653
2011-02-22,134279.76030604815
2011-02-23,131901.1257297275
2011-02-24,132902.44319407915
2011-02-25,135093.44713323092
2011-02-28,134708.63947551226
2011-03-01,131644.59296340676
2011-03-02,132469.91456193657
2011-03-03,135689.2672731373
2011-03-04,134501.4233743641
2011-03-07,132553.30750293465
2011-03-08,134387.43898219796
2011-03-09,133651.01525516243
2011-03-10,130992.61451692313
2011-03-11,132274.4542343113
2011-03-14,131528.31770248146
2011-03-15,130740.37933892936
2011-03-16,128695.28532094687
2011-03-17,129842.65722150535
2011-03-18,130223.87091417045
2011-03-21,133177.3949477169
2011-03-22,131462.92877549859
2011-03-23,132016.8749968502
2011-03-24,134034.6754958126
2011-03-25,134740.83126229973
2011-03-28,134241.95936460228
2011-03-29,135679.427620599
2011-03-30,136957.57837791176
2011-03-31,136853.08878488274
2011-04-01,137761.06382250768
2011-04-04,137874.48959422094
2011-04-05,138212.5887038706
2011-04-06,137345.13607192022
2011-04-07,137114.5949237345
2011-04-08,135984.29790663702
2011-04-11,135061.1177699564
2011-04-12,133590.9381644724
2011-04-13,134883.11260104162
2011-04-14,134736.72460627538
2011-04-15,135461.0611522196
2011-04-18,134008.39924216253
2011-04-19,135088.43213343603
2011-04-20,138028.328114271
2011-04-21,139182.44121909124
2011-04-25,138437.287681341
2011-04-26,139363.8360974787
2011-04-27,139790.39646410925
2011-04-28,138779.25800013525
2011-04-29,139534.39118266088
2011-05-02,138299.48491907137
2011-05-03,136019.4370102884
2011-05-04,134249.96553468722
2011-05-05,134198.4980049135
2011-05-06,135266.6504306795
2011-05-09,136984.43864440935
2011-05-10,138313.06226062792
2011-05-11,135984.5865640642
2011-05-12,136434.52877521532
2011-05-13,135043.10234880465
2011-05-16,133369.76069211977
2011-05-17,132494.02477216738
2011-05-18,135298.702167988
2011-05-19,135333.63902854937
2011-05-20,134296.8924140932
2011-05-23,132445.22251319903
2011-05-24,132359.93167352694
2011-05-25,134509.53192043322
2011-05-26,135712.37819671648
2011-05-27,136194.6029386522
2011-05-31,137519.99347257632
2011-06-01,133922.48435926434
2011-06-02,134480.1464090347
2011-06-03,132857.06720924375
2011-06-06,130637.97952699658
2011-06-07,131210.9196810722
2011-06-08,130368.1475729942
2011-06-09,132164.0213537216
2011-06-10,129839.87864923474
2011-06-13,128929.18522357938
2011-06-14,132140.32118701932
2011-06-15,129527.71789789197
2011-06-16,128467.04383897778
2011-06-17,128358.59965562818
2011-06-20,129696.84027385709
2011-06-21,133432.06630182263
2011-06-22,132555.94564437863
2011-06-23,133132.67910575864
2011-06-24,131674.70099544522
2011-06-27,132891.4236078262
2011-06-28,135939.63350009915
2011-06-29,136836.10114479062
2011-06-30,138159.9151229858
2011-07-01,140655.20810552692
2011-07-05,141315.17898651218
2011-07-06,141714.63253303623
2011-07-07,143239.6302651987
2011-07-08,142763.32539697742
2011-07-11,139015.58048244572
2011-07-12,137955.62944170093
2011-07-13,138824.7886581049
2011-07-14,137192.17882295704
2011-07-15,138182.3006658182
2011-07-18,137086.84162136173
2011-07-19,140164.15089508152
2011-07-20,139347.58820530033
2011-07-21,140620.75260444736
2011-07-22,141213.57648893452
2011-07-25,140185.64708896732
2011-07-26,139734.12311645603
2011-07-27,136511.96569534397
2011-07-28,136486.71660896396
2011-07-29,136461.13589712238
2011-08-01,135855.80526957475
2011-08-02,130510.10003886187
2011-08-03,131216.47422871552
2011-08-04,122586.06648669207
2011-08-05,121944.65924487078
2011-08-08,111635.33003029788
2011-08-09,119003.94900021517
2011-08-10,115341.42455038989
2011-08-11,121404.56390032732
2011-08-12,123888.88159832919
2011-08-15,126015.59305224383
2011-08-16,123947.52468714678
2011-08-17,122948.94473442996
2011-08-18,115434.16502222979
2011-08-19,113250.80975613558
2011-08-22,113009.88549885714
2011-08-23,118721.05536923373
2011-08-24,120549.4983561989
2011-08-25,118373.48357949221
2011-08-26,121857.46671996081
2011-08-29,126050.94107565844
2011-08-30,127266.17253432238
2011-08-31,127435.59786066973
2011-09-01,126058.68757354406
2011-09-02,122937.67705403951
2011-09-06,122778.56522714284
2011-09-07,126986.5974069753
2011-09-08,126251.79753505376
2011-09-09,122572.01802026418
2011-09-12,123471.69256555226
2011-09-13,125830.86906539586
2011-09-14,127661.050453774
2011-09-15,129713.7822147527
2011-09-16,130503.730243794
2011-09-19,130937.5641332784
2011-09-20,129574.51340734151
2011-09-21,125733.847618691
2011-09-22,120720.03072034505
2011-09-23,121239.47744237569
2011-09-26,123636.5390120664
2011-09-27,125183.08045541433
2011-09-28,121778.5138307729
2011-09-29,120281.32840596822
2011-09-30,115917.02061854985
2011-10-03,111265.35138761862
2011-10-04,114467.65683901175
2011-10-05,116950.91231119497
2011-10-06,120355.79176866873
2011-10-07,119110.88337766989
2011-10-10,123928.67056429251
2011-10-11,123732.50005686148
2011-10-12,124420.55085146292
2011-10-13,124723.12073671682
2011-10-14,127200.34150183066
2011-10-17,124940.63097917898
2011-10-18,126557.32350313528
2011-10-19,124454.2346092449
2011-10-20,124697.95003378256
2011-10-21,127532.29682409628
2011-10-24,131097.35929930076
2011-10-25,128396.82638990744
2011-10-26,129360.37490904196
2011-10-27,133792.4327818142
2011-10-28,133934.2578464733
2011-10-31,131718.3739839779
2011-11-01,127970.88501374132
2011-11-02,129694.78069989092
2011-11-03,132116.62421385653
2011-11-04,132514.4914395035
2011-11-07,132480.42947976
2011-11-08,133440.99715868838
2011-11-09,129590.03669659502
2011-11-10,130581.77401368029
2011-11-11,132853.73296276934
2011-11-14,131979.19177309878
2011-11-15,132607.431037587
2011-11-16,130113.36675230868
2011-11-17,128610.92424361117
2011-11-18,128314.04234330065
2011-11-21,126640.47805325396
2011-11-22,127062.0452467621
2011-11-23,124595.88272206194
2011-11-25,124002.02944247134
2011-11-28,127683.72530619509
2011-11-29,128363.41954819567
2011-11-30,132682.11458413012
2011-12-01,132404.22950758698
2011-12-02,132571.29838146927
2011-12-05,133130.73907913925
2011-12-06,132805.6739284015
2011-12-07,132438.3860184169
2011-12-08,130057.01648916962
2011-12-09,132468.2660051799
2011-12-12,130652.09354223969
2011-12-13,128756.53450264694
2011-12-14,126752.11487879517
2011-12-15,127414.14431872132
2011-12-16,128583.73278870346
2011-12-19,127254.69295229675
2011-12-20,130843.99640526535
2011-12-21,130845.36775650742
2011-12-22,131150.22216953995
2011-12-23,132606.03542532685
2011-12-27,133223.3233233905
2011-12-28,131256.4287535167
2011-12-29,132384.02190079453
2011-12-30,131414.42445387604
2012-01-03,131783.4838113801
2012-01-04,132121.91467714473
2012-01-05,133747.40521097346
2012-01-06,133597.23768854304
2012-01-09,133551.88559246226
2012-01-10,134815.29952287837
2012-01-11,134526.9353065507
2012-01-12,135042.56356001063
2012-01-13,134943.94186973735
2012-01-17,135144.91826629802
2012-01-18,136055.67590952083
2012-01-19,135971.67598152324
2012-01-20,135501.6599659936
2012-01-23,135886.6600418107
2012-01-24,136219.6742987649
2012-01-25,137412.95451498195
2012-01-26,136533.24227142497
2012-01-27,136549.66772508784
2012-01-30,136285.9341669099
2012-01-31,136885.15151262446
2012-02-01,138380.6440989059
2012-02-02,138731.75183215557
2012-02-03,139872.12274232326
2012-02-06,139554.29381242214
2012-02-07,140373.67859473644
2012-02-08,140448.52535405575
2012-02-09,140781.0266224426
2012-02-10,140325.03773513256
2012-02-13,141591.39822259365
2012-02-14,141863.8641153854
2012-02-15,141169.54575791775
2012-02-16,141893.17728438793
2012-02-17,142240.59662166057
2012-02-21,141833.74792161403
2012-02-22,142116.19676318584
2012-02-23,143026.37768187938
2012-02-24,143339.04426017223
2012-02-27,143820.29988112865
2012-02-28,144472.41980090557
2012-02-29,144158.71934190212
2012-03-01,145689.7186151198
2012-03-02,144883.20519358432
2012-03-05,144949.64152867114
2012-03-06,142656.6499052695
2012-03-07,143980.34692866122
2012-03-08,145855.33671719348
2012-03-09,146718.0502291373
2012-03-12,146371.70164830005
2012-03-13,148119.71546561038
2012-03-14,147678.22962719714
2012-03-15,148342.66168457782
2012-03-16,148078.17460209643
2012-03-19,148853.34198099887
2012-03-20,148588.6194406203
2012-03-21,149153.25068051135
2012-03-22,149196.92769486224
2012-03-23,149726.9909372977
2012-03-26,152025.32017523563
2012-03-27,151431.78151041782
2012-03-28,150762.05216748035
2012-03-29,150615.4668980292
2012-03-30,150907.74090821063
2012-04-02,152322.0934626024
2012-04-03,152598.47787727526
2012-04-04,151075.90651859454
2012-04-05,152071.3225170534
2012-04-09,150483.38108457736
2012-04-10,146643.53571285418
2012-04-11,148825.03769506625
2012-04-12,150705.0545207422
2012-04-13,150742.75597252062
2012-04-16,150238.08905853442
2012-04-17,151709.3203765314
2012-04-18,152030.4865409296
2012-04-19,150764.16124881915
2012-04-20,151746.51557840517
2012-04-23,149992.5102750223
2012-04-24,148432.32883133105
2012-04-25,151710.1565309923
2012-04-26,154312.2593985956
2012-04-27,155473.1296388071
2012-04-30,154506.46497024706
2012-05-01,155028.91311948927
2012-05-02,156682.37852495344
2012-05-03,154821.5291988197
2012-05-04,151912.4856898132
2012-05-07,152015.38644235762
2012-05-08,150544.87053459318
2012-05-09,149558.49439066084
2012-05-10,150124.92166202696
2012-05-11,150268.09125869902
2012-05-14,147916.37957304151
2012-05-15,147817.3551265541
2012-05-16,147427.19570034178
2012-05-17,142557.32280080946
2012-05-18,140997.75803821714
2012-05-21,144411.21975725325
2012-05-22,144950.67481487425
2012-05-23,146224.17000024946
2012-05-24,146376.03000801237
2012-05-25,146292.7222091499
2012-05-29,148069.1891700569
2012-05-30,146103.0791174713
2012-05-31,145691.90905874403
2012-06-01,140334.7545656481
2012-06-04,140637.3639110842
2012-06-05,141791.38716595556
2012-06-06,145317.7012500086
2012-06-07,144513.86555664922
2012-06-08,145840.3720354357
2012-06-11,143129.1212734499
2012-06-12,144956.71402066137
2012-06-13,142750.2105330744
2012-06-14,144174.4669994631
2012-06-15,146032.6101822176
2012-06-18,147801.57373326208
2012-06-19,149348.16254084493
2012-06-20,148776.23981802847
2012-06-21,145391.71276562597
2012-06-22,146664.17458813573
2012-06-25,144901.38207857992
2012-06-26,146325.7397760668
2012-06-27,145390.50580637838
2012-06-28,143754.29301588918
2012-06-29,147531.79484503652
2012-07-02,148551.2602892279
2012-07-03,148891.26552919144
2012-07-05,149352.19487718338
2012-07-06,148807.65589765305
2012-07-09,148850.87593845124
2012-07-10,147617.0829730391
2012-07-11,146744.25507692093
2012-07-12,147499.14241842026
2012-07-13,149493.4675436377
2012-07-16,148965.55926183457
2012-07-17,149889.14826968903
2012-07-18,149788.46384814972
2012-07-19,149513.80585960145
2012-07-20,147615.34321168656
2012-07-23,146476.60617641205
2012-07-24,145135.61587671036
2012-07-25,145147.65688089127
2012-07-26,148192.00039867157
2012-07-27,150090.55024436707
2012-07-30,149723.86159518952
2012-07-31,148496.0251288771
2012-08-01,147038.83429955738
2012-08-02,146913.95109557407
2012-08-03,149218.8863758971
2012-08-06,149161.7002630164
2012-08-07,150106.0545024802
2012-08-08,150555.5641951491
2012-08-09,150192.38543080585
2012-08-10,150002.27953814762
2012-08-13,149941.26435660617
2012-08-14,150679.79829835193
2012-08-15,151255.97213553684
2012-08-16,152609.71465396183
2012-08-17,153710.4299721648
2012-08-20,152838.82623004215
2012-08-21,152414.24538611667
2012-08-22,153027.9639043738
2012-08-23,152143.7737531592
2012-08-24,153022.335644715
2012-08-27,152738.03185700672
2012-08-28,152647.73769425647
2012-08-29,152801.78859709995
2012-08-30,151767.84003447788
2012-08-31,152652.50716351764
2012-09-04,153297.00281756063
2012-09-05,152920.49693148275
2012-09-06,156108.0638965859
2012-09-07,156060.99068586965
2012-09-10,155012.9036468758
2012-09-11,155009.38957922597
2012-09-12,155296.5217479958
2012-09-13,157976.61450235982
2012-09-14,158840.73158114095
2012-09-17,158032.9848989739
2012-09-18,157493.09832804342
2012-09-19,158645.85362665792
2012-09-20,158701.60012285848
2012-09-21,159076.6074480309
2012-09-24,158333.7536653771
2012-09-25,156800.38900511403
2012-09-26,155297.4579452767
2012-09-27,157343.55596010824
2012-09-28,156613.76563875814
2012-10-01,156614.24910545017
2012-10-02,156985.07438087132
2012-10-03,158862.1364173856
2012-10-04,159846.18998813297
2012-10-05,160108.67125224735
2012-10-08,158990.09647941258
2012-10-09,156441.71922015812
2012-10-10,155380.6506242719
2012-10-11,154898.093749043
2012-10-12,154361.49026107456
2012-10-15,156685.51463794376
2012-10-16,158434.34863090183
2012-10-17,159905.59463596012
2012-10-18,159418.5378513303
2012-10-19,157103.76975249912
2012-10-22,157435.61413287785
2012-10-23,155795.9818754163
2012-10-24,156439.99260043766
2012-10-25,156465.2600173917
2012-10-26,156516.03707599308
2012-10-31,156991.65197658207
2012-11-01,159123.71086223447
2012-11-02,157591.39628799283
2012-11-05,158602.0070420059
2012-11-06,159507.93873603665
2012-11-07,157242.62902744138
2012-11-08,155510.9526625427
2012-11-09,155055.35506446683
2012-11-12,155191.76658637845
2012-11-13,155342.2217779907
2012-11-14,152327.50590808713
2012-11-15,151504.06509216153
2012-11-16,153702.0184298309
2012-11-19,156797.3913098129
2012-11-20,158260.4042645248
2012-11-21,158658.31047256314
2012-11-23,160543.28784759366
2012-11-26,160073.00425060117
2012-11-27,159497.45271308743
2012-11-28,159993.29348571622
2012-11-29,160991.0485955032
2012-11-30,160994.60135372006
2012-12-03,160211.66188307002
2012-12-04,160218.5850655575
2012-12-05,160126.0390374203
2012-12-06,160523.36473627284
2012-12-07,160979.3120553036
2012-12-10,161115.61166830256
2012-12-11,162016.57058496668
2012-12-12,162428.14916486933
2012-12-13,161078.23834676936
2012-12-14,160699.5751883526
2012-12-17,163410.78475160792
2012-12-18,165763.08111925318
2012-12-19,165084.91228933528
2012-12-20,166113.36811132624
2012-12-21,164395.23880262568
2012-12-24,164561.45144911006
2012-12-26,163647.2016589184
2012-12-27,163680.2074553509
2012-12-28,162225.27188177302
2012-12-31,165663.85877199366
2013-01-02,170479.45786796743
2013-01-03,169470.49522052938
2013-01-04,170359.38211380178
2013-01-07,170047.34369980032
2013-01-08,170003.00524460012
2013-01-09,171456.5866159075
2013-01-10,171905.45541320974
2013-01-11,171644.0692571276
2013-01-14,171682.10707412893
2013-01-15,171963.0546487444
2013-01-16,172222.95783363516
2013-01-17,174305.58320175344
2013-01-18,174585.0144685381
2013-01-22,175414.4090970629
2013-01-23,175903.71687256033
2013-01-24,176540.92910133535
2013-01-25,178281.50786148245
2013-01-28,177236.2511457079
2013-01-29,178106.78271423513
2013-01-30,176988.8378518694
2013-01-31,176188.0558999651
2013-02-01,178123.47921039586
2013-02-04,175759.20057441716
2013-02-05,177252.9982314301
2013-02-06,177381.4700484467
2013-02-07,176415.37631561284
2013-02-08,177687.92559291844
2013-02-11,177372.71678974156
2013-02-12,178358.29590942388
2013-02-13,179008.8665623856
2013-02-14,179945.37083770757
2013-02-15,179945.56449939733
2013-02-19,180262.17294265752
2013-02-20,175701.3728308869
2013-02-21,174663.8527350617
2013-02-22,177136.29197456365
2013-02-25,173177.16540481572
2013-02-26,175618.97118999486
2013-02-27,178521.06838371282
2013-02-28,178849.86913730626
2013-03-01,179992.99041190965
2013-03-04,182217.65325179917
2013-03-05,184177.29627147538
2013-03-06,184091.02905383927
2013-03-07,183967.8973838411
2013-03-08,184971.43204418046
2013-03-11,185145.82724490983
2013-03-12,184576.64809528214
2013-03-13,184851.1334411226
2013-03-14,186063.41169563157
2013-03-15,185159.96583858354
2013-03-18,184927.7662355028
2013-03-19,185035.08813110215
2013-03-20,187366.1193086229
2013-03-21,185216.0893031679
2013-03-22,186155.5107175432
2013-03-25,185428.05411926133
2013-03-26,186692.14571014268
2013-03-27,186987.3199903093
2013-03-28,187906.21939578874
2013-04-01,186744.8652396865
2013-04-02,186222.38314206077
2013-04-03,182930.41656834556
2013-04-04,184046.54911095573
2013-04-05,184082.23946625664
2013-04-08,185819.04481179191
2013-04-09,185955.4637284942
2013-04-10,187418.42404038383
2013-04-11,188832.58964211418
2013-04-12,188504.08927590324
2013-04-15,182073.76907116844
2013-04-16,185955.0676255889
2013-04-17,183572.49262482597
2013-04-18,181879.97170884087
2013-04-19,184714.55235440208
2013-04-22,185780.5610461898
2013-04-23,189027.6673503585
2013-04-24,188918.52448040916
2013-04-25,189948.89544064476
2013-04-26,189631.3112912841
2013-04-29,190264.24637944176
2013-04-30,189995.37489659264
2013-05-01,187396.8131729511
2013-05-02,190616.5585619358
2013-05-03,193586.95851863897
2013-05-06,194813.40627635992
2013-05-07,195424.9157377628
2013-05-08,195729.6374956516
2013-05-09,195003.42129577673
2013-05-10,196320.41859687841
2013-05-13,196817.84984268225
2013-05-14,200156.9427696613
2013-05-15,200930.4026495365
2013-05-16,199074.7237936405
2013-05-17,201567.88085903204
2013-05-20,201345.31862319983
2013-05-21,201347.43537582434
2013-05-22,198659.20743049658
2013-05-23,199334.4724460987
2013-05-24,199411.55638278998
2013-05-28,201225.25791706122
2013-05-29,199102.01774753607
2013-05-30,200427.0944048313
2013-05-31,197813.39279617346
2013-06-03,196381.09493627903
2013-06-04,194592.47231092807
2013-06-05,191401.0615147626
2013-06-06,194674.95466223118
2013-06-07,198123.0206555402
2013-06-10,198222.70180311557
2013-06-11,195285.63145723697
2013-06-12,192757.1014393842
2013-06-13,196152.67473211643
2013-06-14,195276.60014429447
2013-06-17,196788.96931829807
2013-06-18,198679.9650658643
2013-06-19,195930.00808706638
2013-06-20,189357.92726030704
2013-06-21,189125.83183565494
2013-06-24,186340.35912409183
2013-06-25,189554.8952807462
2013-06-26,191789.2343663251
2013-06-27,194317.84230604526
2013-06-28,193239.23669996616
2013-07-01,195420.71097798093
2013-07-02,194453.6886400674
2013-07-03,193907.78229326947
2013-07-05,196229.16728968365
2013-07-08,196802.64455790265
2013-07-09,198695.04464049084
2013-07-10,198150.63016886456
2013-07-11,201652.24751753552
2013-07-12,203487.8945378755
2013-07-15,203892.95379442914
2013-07-16,201583.37742085202
2013-07-17,202979.41948122723
2013-07-18,205009.39248318417
2013-07-19,206174.82104248746
2013-07-22,207316.41509432538
2013-07-23,205972.65162081463
2013-07-24,205304.10562891705
2013-07-25,206043.0251512025
2013-07-26,206149.2583789323
2013-07-29,204991.35187620862
2013-07-30,206244.9848784898
2013-07-31,207143.78023619397
2013-08-01,210776.87966893788
2013-08-02,211169.19871162053
2013-08-05,211159.07360623952
2013-08-06,208930.10229276295
2013-08-07,207390.09004758473
2013-08-08,210635.04705690022
2013-08-09,210187.54844831105
2013-08-12,209467.44952891942
2013-08-13,209941.20976041432
2013-08-14,208907.4343926775
2013-08-15,205189.13473962422
2013-08-16,205493.08147834416
2013-08-19,203898.75677608128
2013-08-20,206799.82331966038
2013-08-21,205920.99484895344
2013-08-22,209345.52175735112
2013-08-23,209374.79072450276
2013-08-26,209683.9298999178
2013-08-27,203884.94596456166
2013-08-28,204862.12221311207
2013-08-29,206652.14762567158
2013-08-30,204736.77533124562
2013-09-03,207040.71912451883
2013-09-04,209306.95928736826
2013-09-05,210402.4831015696
2013-09-06,209892.19007941385
2013-09-09,212966.79986878534
2013-09-10,215992.37618323465
2013-09-11,216313.3855363955
2013-09-12,215100.16268035074
2013-09-13,216047.99864884515
2013-09-16,217680.89268704553
2013-09-17,219582.95476885934
2013-09-18,221356.1362650027
2013-09-19,221439.80225297113
2013-09-20,219842.55706187387
2013-09-23,218238.0269863238
2013-09-24,219252.34464808603
2013-09-25,219149.61880608698
2013-09-26,221031.06465502878
2013-09-27,219670.22523423334
2013-09-30,219226.91190882822
2013-10-01,222451.84147428678
2013-10-02,222091.25285457776
2013-10-03,220020.34527086423
2013-10-04,222593.3938572328
2013-10-07,219831.6140906732
2013-10-08,214534.60561250852
2013-10-09,214323.60905574964
2013-10-10,220271.62602733777
2013-10-11,221768.02536892102
2013-10-14,223413.457047693
2013-10-15,221995.1707312982
2013-10-16,226133.86939500974
2013-10-17,227864.84021019147
2013-10-18,229894.39706396268
2013-10-21,229006.40359758542
2013-10-22,229859.39250158475
2013-10-23,227319.77546953366
2013-10-24,229664.02604459928
2013-10-25,230859.79975341962
2013-10-28,229744.54764198468
2013-10-29,231209.7000501077
2013-10-30,229711.95888256238
2013-10-31,229413.2945187013
2013-11-01,230282.5953430451
2013-11-04,232810.48377077948
2013-11-05,233120.5640005387
2013-11-06,229422.21112959753
2013-11-07,224835.3610500611
2013-11-08,228453.19753115546
2013-11-11,229568.15179961096
2013-11-12,229674.51965563666
2013-11-13,232856.01846354376
2013-11-14,233425.22022669684
2013-11-15,233671.6941580094
2013-11-18,230612.10311739813
2013-11-19,228840.3844646729
2013-11-20,228614.6565775193
2013-11-21,232406.37827055823
2013-11-22,234744.79285281073
2013-11-25,234123.22785036932
2013-11-26,235542.687125615
2013-11-27,236625.66924517523
2013-11-29,236399.73755686652
2013-12-02,236101.49273360716
2013-12-03,234801.73669684873
2013-12-04,234515.1585174893
2013-12-05,233320.65941394315
2013-12-06,235293.47547114835
2013-12-09,235773.67213977323
2013-12-10,236172.1926599835
2013-12-11,231835.37271655546
2013-12-12,233301.2563253735
2013-12-13,234772.74124015318
2013-12-16,236904.85723269926
2013-12-17,236964.043327937
2013-12-18,239490.58856357084
2013-12-19,238324.8137022351
2013-12-20,241428.23364890562
2013-12-23,242757.70665229307
2013-12-24,243557.3070036267
2013-12-26,244557.8866316174
2013-12-27,242785.708555827
2013-12-30,242543.0893665646
2013-12-31,243843.3940912579
2014-01-02,242158.24557802692
2014-01-03,243454.06069967762
2014-01-06,242728.8691866161
2014-01-07,244711.16097567097
2014-01-08,247319.16057512775
2014-01-09,247653.1629907848
2014-01-10,249659.54839346424
2014-01-13,244712.0843012096
2014-01-14,250222.87429735676
2014-01-15,250785.75546858326
2014-01-16,249929.91682360187
2014-01-17,248605.29660341755
2014-01-21,250792.6838552715
2014-01-22,252155.045870042
2014-01-23,250660.5892393352
2014-01-24,244049.2550441982
2014-01-27,241070.57396814838
2014-01-28,245770.56293318287
2014-01-29,242429.95136187092
2014-01-30,248631.51600191608
2014-01-31,248252.63936541096
2014-02-03,241571.23856736632
2014-02-04,244053.47705937835
2014-02-05,243361.31271554442
2014-02-06,244700.26339913817
2014-02-07,250177.4549379489
2014-02-10,250311.63507939788
2014-02-11,252268.2039652011
2014-02-12,253196.9256191394
2014-02-13,256181.53879929992
2014-02-14,256429.43519212218
2014-02-18,258850.9602995059
2014-02-19,256463.9176397464
2014-02-20,259424.0067253253
2014-02-21,260159.38561440917
2014-02-24,263030.38275529357
2014-02-25,263296.3867530963
2014-02-26,262815.70370770904
2014-02-27,264823.8390617511
2014-02-28,263048.90203477355
2014-03-03,260984.19661622998
2014-03-04,268746.33823209757
2014-03-05,269264.90293508524
2014-03-06,268397.08951002115
2014-03-07,267087.1070232963
2014-03-10,266416.26683908456
2014-03-11,263785.2152062034
2014-03-12,264585.2618518447
2014-03-13,260117.10528570172
2014-03-14,259745.07293992993
2014-03-17,261553.42962699887
2014-03-18,264738.84401660913
2014-03-19,263136.57298427576
2014-03-20,263930.86731058115
2014-03-21,259802.93767362591
2014-03-24,256633.15992361066
2014-03-25,257053.26578145978
2014-03-26,253091.1030321693
2014-03-27,251012.72745519635
2014-03-28,249739.1159301376
2014-03-31,254296.5814719772
2014-04-01,259353.74497571558
2014-04-02,259823.28697553248
2014-04-03,255900.36608329386
2014-04-04,248130.91145768733
2014-04-07,241488.93850532145
2014-04-08,242797.0700799522
2014-04-09,248688.73704448313
2014-04-10,239040.60037246317
2014-04-11,236233.4499718246
2014-04-14,236982.78212085337
2014-04-15,237810.69927039713
2014-04-16,242384.14123359293
2014-04-17,244132.1306425628
2014-04-21,246583.7648998794
2014-04-22,250581.72137370677
2014-04-23,248900.00858178706
2014-04-24,247061.82712236018
2014-04-25,240595.84475770564
2014-04-28,237130.92295613856
2014-04-29,241643.43710246653
2014-04-30,242767.27302852244
2014-05-01,242447.01363851246
2014-05-02,242843.77970411
2014-05-05,243637.3527860802
2014-05-06,240229.9739322823
2014-05-07,241303.98251630482
2014-05-08,238565.88300229725
2014-05-09,240013.9454040688
2014-05-12,245544.40514661488
2014-05-13,245345.59529878316
2014-05-14,243397.8027410668
2014-05-15,240759.03861047444
2014-05-16,239724.9103708428
2014-05-19,241967.45686723408
2014-05-20,239399.8844747704
2014-05-21,242192.25516893086
2014-05-22,243692.83994104085
2014-05-23,246699.8814296883
2014-05-27,249855.25013066945
2014-05-28,249667.76523305592
2014-05-29,251683.52745629963
2014-05-30,250825.66968919453
2014-06-02,251294.91763918113
2014-06-03,251093.8502868862
2014-06-04,252582.64921180916
2014-06-05,254167.31977121544
2014-06-06,255555.72626487922
2014-06-09,255317.6454343052
2014-06-10,254976.73300401878
2014-06-11,254815.3031820507
2014-06-12,251667.41795293998
2014-06-13,252789.62174265098
2014-06-16,254064.03375904274
2014-06-17,256271.4304508419
2014-06-18,257530.85785762977
2014-06-19,258546.55082695198
2014-06-20,259562.59976808738
2014-06-23,259973.0278825016
2014-06-24,257341.19408313942
2014-06-25,259027.7310113163
2014-06-26,258895.4922374935
2014-06-27,259154.09305469703
2014-06-30,259898.26398842048
2014-07-01,262381.22090815054
2014-07-02,261526.73104237064
2014-07-03,262846.02332161414
2014-07-07,259436.09441612705
2014-07-08,255734.63940237506
2014-07-09,256877.76221846088
2014-07-10,255407.7579250191
2014-07-11,255525.6754612778
2014-07-14,257520.11359976276
2014-07-15,256143.84599159702
2014-07-16,256506.03950451358
2014-07-17,252880.9241380547
2014-07-18,257789.8322591637
2014-07-21,257626.31562899097
2014-07-22,259868.97030971988
2014-07-23,260396.93445251926
2014-07-24,261275.68743227466
2014-07-25,260344.9819669579
2014-07-28,260338.35286091312
2014-07-29,259754.06755875095
2014-07-30,260987.3870148514
2014-07-31,254838.03395365222
2014-08-01,254162.257104618
2014-08-04,256593.34723923868
2014-08-05,254349.8523251838
2014-08-06,254505.4927165336
2014-08-07,253605.47905514902
2014-08-08,255743.91443799203
2014-08-11,257723.0479624099
2014-08-12,256925.23341773218
2014-08-13,260803.9517328567
2014-08-14,261692.2280027694
2014-08-15,263221.4175646133
2014-08-18,265774.3012435264
2014-08-19,267736.1735179252
2014-08-20,268313.39888880914
2014-08-21,267707.0780455894
2014-08-22,268010.99856637185
2014-08-25,269530.6137077636
2014-08-26,270245.0633446998
2014-08-27,269321.07318947976
2014-08-28,268517.0605666465
2014-08-29,270353.26951430505
2014-09-02,271454.10050898115
2014-09-03,271154.2949326567
2014-09-04,270112.4703624777
2014-09-05,271834.10608368437
2014-09-08,271864.0011389784
2014-09-09,269696.74390965025
2014-09-10,271320.9296262793
2014-09-11,271902.5403845839
2014-09-12,269577.0521114401
2014-09-15,267033.47695284407
2014-09-16,269984.60004692595
2014-09-17,269963.5696356825
2014-09-18,272561.0477126173
2014-09-19,271449.2888196043
2014-09-22,267589.43111067335
2014-09-23,266633.8732474379
2014-09-24,269508.24928122084
2014-09-25,264750.4219205908
2014-09-26,267676.07785683195
2014-09-29,267378.7159584097
2014-09-30,265947.8595669798
2014-10-01,259328.50391671513
2014-10-02,259143.934585546
2014-10-03,263394.68536231376
2014-10-06,261253.70920035694
2014-10-07,256408.54510161732
2014-10-08,260855.31076142643
2014-10-09,253689.59348103855
2014-10-10,245702.91228291843
2014-10-13,237814.51584908817
2014-10-14,239878.6922287688
2014-10-15,240004.44683215473
2014-10-16,242996.22347447727
2014-10-17,246230.54835793827
2014-10-20,250604.62997290943
2014-10-21,258417.81929156635
2014-10-22,254756.26740500782
2014-10-23,258406.43919942234
2014-10-24,260629.41366669987
2014-10-27,260245.65125319813
2014-10-28,264981.6454715476
2014-10-29,264121.04884860374
2014-10-30,263954.1962618575
2014-10-31,269089.2289848075
2014-11-03,269502.05263703974
2014-11-04,268526.1127833715
2014-11-05,267354.3261589399
2014-11-06,270056.0036219946
2014-11-07,270444.60165923747
2014-11-10,271782.1087445608
2014-11-11,271794.439366757
2014-11-12,271745.71040671977
2014-11-13,272184.20728152903
2014-11-14,273029.55154699
2014-11-17,272779.30279630335
2014-11-18,275417.3701795927
2014-11-19,273582.5576257101
2014-11-20,274781.40524047526
2014-11-21,275647.0455054632
2014-11-24,278006.51017802866
2014-11-25,278508.45839828165
2014-11-26,280293.6200756422
2014-11-28,279756.25660508784
2014-12-01,274861.7687554519
2014-12-02,277918.69439651177
2014-12-03,280249.59272338555
2014-12-04,280767.5796966712
2014-12-05,281876.053949372
2014-12-08,278698.8877129714
2014-12-09,279688.5214686553
2014-12-10,275296.4843654792
2014-12-11,277303.7524852912
2014-12-12,274384.4871754806
2014-12-15,272558.65877820656
2014-12-16,270100.9980707328
2014-12-17,276781.563917176
2014-12-18,283170.86900331185
2014-12-19,283863.8831391494
2014-12-22,284445.8801064651
2014-12-23,283675.0233678977
2014-12-24,284924.81576730416
2014-12-26,286507.0851464431
2014-12-29,286461.4500508468
2014-12-30,284232.6666736762
2014-12-31,281602.5399050872
2015-01-02,281742.5377225275
2015-01-05,279425.06305450154
2015-01-06,277150.6546325083
2015-01-07,280933.1678633089
2015-01-08,286675.2405213709
2015-01-09,285020.29559987737
2015-01-12,283062.8281988497
2015-01-13,283498.9045671816
2015-01-14,282567.94116538716
2015-01-15,280381.05557960225
2015-01-16,284461.4517206545
2015-01-20,285892.6814054842
2015-01-21,287110.9062108393
2015-01-22,291358.5706881876
2015-01-23,291940.91067212773
2015-01-26,293944.7103237505
2015-01-27,290822.5991715784
2015-01-28,289353.1074213381
2015-01-29,291310.25803321553
2015-01-30,285692.4543203707
2015-02-02,286054.47426484275
2015-02-03,288202.89387105155
2015-02-04,289778.4378850286
2015-02-05,291389.2537610357
2015-02-06,289366.8566815679
2015-02-09,285613.45570634055
2015-02-10,291746.7539422338
2015-02-11,292995.1708867376
2015-02-12,295455.99760220695
2015-02-13,295183.1140410726
2015-02-17,296191.5778853719
2015-02-18,297510.786128742
2015-02-19,297426.83079121757
2015-02-20,299694.523086292
2015-02-23,300731.85971043754
2015-02-24,301719.76577065635
2015-02-25,300013.74042866874
2015-02-26,299851.98275349784
2015-02-27,299575.19125531364
2015-03-02,303371.4548004064
2015-03-03,301967.2315738592
2015-03-04,300909.15646247
2015-03-05,302411.25132063957
2015-03-06,297705.9115169439
2015-03-09,299308.7584445867
2015-03-10,296095.8406093511
2015-03-11,296929.75481871696
2015-03-12,301387.415724555
2015-03-13,301370.76297263236
2015-03-16,307109.72520331474
2015-03-17,306425.7017524633
2015-03-18,309390.79015425773
2015-03-19,310765.0518787298
2015-03-20,313014.1046874914
2015-03-23,312182.64645079704
2015-03-24,310772.58056334587
2015-03-25,303719.9335048589
2015-03-26,302331.29701499076
2015-03-27,306380.7338073644
2015-03-30,309768.30042723747
2015-03-31,306993.35418395133
2015-04-01,304718.6662232264
2015-04-02,306349.81875246606
2015-04-06,307160.9392897471
2015-04-07,306327.9419476374
2015-04-08,309078.66102140985
2015-04-09,309893.29413813195
2015-04-10,311130.0482656344
2015-04-13,309637.0841600283
2015-04-14,308318.2219306811
2015-04-15,307891.50277203164
2015-04-16,308621.6261536463
2015-04-17,304081.34858673654
2015-04-20,306398.1746026858
2015-04-21,310397.80135267816
2015-04-22,310307.20959538064
2015-04-23,311961.5101234301
2015-04-24,310498.1001355036
2015-04-27,305784.6388971194
2015-04-28,304964.46252649865
2015-04-29,300431.14478415094
2015-04-30,296928.8483449801
2015-05-01,301998.70028353576
2015-05-04,304157.7488198364
2015-05-05,298921.71479702834
2015-05-06,299965.65748549346
2015-05-07,303239.08344889525
2015-05-08,306853.37670899276
2015-05-11,307438.8204732025
2015-05-12,307706.17698050383
2015-05-13,306178.80140448455
2015-05-14,309649.0546479309
2015-05-15,309561.4869599426
2015-05-18,312651.4182462776
2015-05-19,313193.8643965805
2015-05-20,310918.38170576934
2015-05-21,311821.10604430083
2015-05-22,311216.0025463188
2015-05-26,308402.08264542464
2015-05-27,313256.86885023955
2015-05-28,313272.0279111946
2015-05-29,315002.9393034065
2015-06-01,315407.3156547982
2015-06-02,314546.73329453054
2015-06-03,315926.8911352593
2015-06-04,313204.6795893151
2015-06-05,314689.8889933068
2015-06-08,311705.2782669503
2015-06-09,311778.22150902334
2015-06-10,314799.7133684594
2015-06-11,315589.3619347054
2015-06-12,314257.1639128167
2015-06-15,315284.475955053
2015-06-16,317700.76531223836
2015-06-17,319121.1275310952
2015-06-18,322858.35523800435
2015-06-19,322622.1591072518
2015-06-22,324378.8747892815
2015-06-23,325162.52791885915
2015-06-24,321426.47054676595
2015-06-25,323764.69619659963
2015-06-26,321689.1585865456
2015-06-29,313627.83827595296
2015-06-30,315207.2176995713
2015-07-01,317745.76891710906
2015-07-02,315960.5759954706
2015-07-06,316184.60565140395
2015-07-07,317287.9173860803
2015-07-08,311704.71163752227
2015-07-09,313133.2533045068
2015-07-10,319251.38291170745
2015-07-13,321978.2843523279
2015-07-14,323595.53111841826
2015-07-15,322265.04431631713
2015-07-16,324811.60342505126
2015-07-17,324518.3347645059
2015-07-20,325164.93595411925
2015-07-21,324364.3722391382
2015-07-22,324497.8752985254
2015-07-23,324632.1820383325
2015-07-24,319809.3263721719
2015-07-27,314813.36651137023
2015-07-28,317983.49970247893
2015-07-29,320018.36021616607
2015-07-30,320524.11090757995
2015-07-31,322052.4972639337
2015-08-03,320677.79319312074
2015-08-04,321465.1453955362
2015-08-05,325557.56462504365
2015-08-06,320134.0332062433
2015-08-07,320284.7378876398
2015-08-10,323044.4477818201
2015-08-11,321218.31384875276
2015-08-12,319617.8496802042
2015-08-13,321986.409167547
2015-08-14,322772.1097986887
2015-08-17,326953.9936917017
2015-08-18,326267.1798842142
2015-08-19,324550.6097271631
2015-08-20,314921.9099819849
2015-08-21,305807.3213360498
2015-08-24,294595.6814539621
2015-08-25,294318.27262999513
2015-08-26,305083.64818598726
2015-08-27,310802.9122269342
2015-08-28,311137.6992037485
2015-08-31,307971.8737786005
2015-09-01,299235.3707541338
2015-09-02,306351.4353188387
2015-09-03,305857.79907978687
2015-09-04,303301.2873038164
2015-09-08,311845.4686259142
2015-09-09,309366.1168927065
2015-09-10,311596.1460112444
2015-09-11,315147.5812968126
2015-09-14,314248.41637219104
2015-09-15,317958.1498507372
2015-09-16,319357.8730887285
2015-09-17,320382.86882485065
2015-09-18,316272.5752257219
2015-09-21,317339.4774845949
2015-09-22,312897.7112768999
2015-09-23,314355.7445248476
2015-09-24,311486.0541094652
2015-09-25,309121.7556647173
2015-09-28,297265.8010281435
2015-09-29,295025.36226071033
2015-09-30,302073.6850432268
2015-10-01,304766.50366271817
2015-10-02,308586.74293578946
2015-10-05,311643.26584590756
2015-10-06,306277.6838175186
2015-10-07,309949.86659873807
2015-10-08,310523.79462779843
2015-10-09,312130.5143305191
2015-10-12,313653.12315334164
2015-10-13,309369.602751387
2015-10-14,306076.1788813003
2015-10-15,312088.49443591916
2015-10-16,313806.2788034805
2015-10-19,315431.7590967544
2015-10-20,313194.52798808896
2015-10-21,309456.4110876449
2015-10-22,312523.02349151456
2015-10-23,314099.9825121292
2015-10-26,314978.2864090332
2015-10-27,314277.5280491241
2015-10-28,320386.9698892959
2015-10-29,316367.1451031097
2015-10-30,316337.91096748196
2015-11-02,318607.84402672877
2015-11-03,317684.05103985895
2015-11-04,318548.4503289901
2015-11-05,319036.1901551925
2015-11-06,320593.15908257593
2015-11-09,317201.416862651
2015-11-10,318222.9739305221
2015-11-11,318025.6735288345
2015-11-12,314259.13746087183
2015-11-13,309704.794606372
2015-11-16,312804.7818624221
2015-11-17,314485.00801198115
2015-11-18,318816.88368432154
2015-11-19,318553.8296634399
2015-11-20,321595.555613681
2015-11-23,322342.9958669387
2015-11-24,322876.0193158828
2015-11-25,324610.7815334045
2015-11-27,326505.47164933314
2015-11-30,323549.78216187586
2015-12-01,327210.076141558
2015-12-02,325246.16480275185
2015-12-03,320105.1967260459
2015-12-04,327472.1363288978
2015-12-07,324707.8629915336
2015-12-08,325649.90072270425
2015-12-09,320337.4812099555
2015-12-10,321396.46087952645
2015-12-11,315934.3923513511
2015-12-14,317632.6077892402
2015-12-15,320201.10254403146
2015-12-16,323895.8447401145
2015-12-17,319439.88346692116
2015-12-18,315756.12426682503
2015-12-21,317723.8143608192
2015-12-22,318949.6858875373
2015-12-23,320696.8568784812
2015-12-24,320676.4364482978
2015-12-28,321541.1003334144
2015-12-29,324555.678453646
2015-12-30,322407.5695879081
2015-12-31,319139.36082383187
2016-01-04,311209.0285995265
2016-01-05,312219.0011375209
2016-01-06,309919.92569425306
2016-01-07,303887.3378207942
2016-01-08,298729.8487594386
2016-01-11,298575.9091136714
2016-01-12,301892.1182086726
2016-01-13,290953.3475463649
2016-01-14,295344.2737472316
2016-01-15,289920.0727794429
2016-01-19,289835.81933858595
2016-01-20,288093.7745826503
2016-01-21,287899.9157741328
2016-01-22,295598.5429027339
2016-01-25,291370.7588489314
2016-01-26,293961.15247228346
2016-01-27,288165.517523553
2016-01-28,290169.57595899305
2016-01-29,297837.98767163954
2016-02-01,299931.8527799714
2016-02-02,292024.6320196259
2016-02-03,288999.8920570481
2016-02-04,288867.73042832495
2016-02-05,275191.9600378144
2016-02-08,266501.6286493409
2016-02-09,267273.3982998002
2016-02-10,270446.8624788392
2016-02-11,268496.8092275727
2016-02-12,272524.95181141974
2016-02-16,279392.73508416297
2016-02-17,285300.9075561631
2016-02-18,280997.24789963843
2016-02-19,282492.3605400193
2016-02-22,287387.89491521
2016-02-23,285637.0481325257
2016-02-24,288525.0221735108
2016-02-25,293921.89540825965
2016-02-26,294897.767625438
2016-02-29,292457.7700840104
2016-03-01,298970.9149199158
2016-03-02,299672.70781141816
2016-03-03,299960.6505232483
2016-03-04,300769.290068689
2016-03-07,297655.52338224946
2016-03-08,297207.12425905763
2016-03-09,298341.9785776764
2016-03-10,298575.30509668885
2016-03-11,303371.39847570955
2016-03-14,303769.6441593796
2016-03-15,303687.5105887085
2016-03-16,305910.0057659775
2016-03-17,306980.5693951279
2016-03-18,306506.7964020401
2016-03-21,305723.7584124237
2016-03-22,306408.9686823517
2016-03-23,306714.38708406984
2016-03-24,306236.74742037355
2016-03-28,307606.5796681076
2016-03-29,312758.1203499466
2016-03-30,313451.1274681717
2016-03-31,314040.1359234482
2016-04-01,316952.25499912555
2016-04-04,316322.0207528716
2016-04-05,313298.00174995715
2016-04-06,317208.3077134734
2016-04-07,315345.87399097736
2016-04-08,315911.6926078444
2016-04-11,314397.6952380782
2016-04-12,315611.5367936736
2016-04-13,316591.4648093825
2016-04-14,315090.5093221312
2016-04-15,316313.2138080245
2016-04-18,318426.19684406574
2016-04-19,316806.30018135364
2016-04-20,315950.8280496245
2016-04-21,312016.33241936023
2016-04-22,310847.0253114348
2016-04-25,311684.58871647174
2016-04-26,311085.40623565967
2016-04-27,312100.91586777027
2016-04-28,309177.8258771544
2016-04-29,308539.37266537006
2016-05-02,312847.4735115269
2016-05-03,311111.6336868504
2016-05-04,312253.8752058247
2016-05-05,312171.2179601887
2016-05-06,314312.11543447763
2016-05-09,316285.58114321023
2016-05-10,318879.71180517465
2016-05-11,316836.2680996159
2016-05-12,318775.2861269215
2016-05-13,317234.08160002023
2016-05-16,319297.4963653782
2016-05-17,313709.4953582981
2016-05-18,311833.1230171421
2016-05-19,311594.74516851694
2016-05-20,312703.3240707615
2016-05-23,312147.26760656625
2016-05-24,317293.61224348337
2016-05-25,317260.361951659
2016-05-26,318430.07220823556
2016-05-27,320538.2298639515
2016-05-31,320332.98135931283
2016-06-01,321172.67069522734
2016-06-02,321495.4469231784
2016-06-03,322644.7244815051
2016-06-06,321879.667911452
2016-06-07,322103.85669891234
2016-06-08,323791.17040817137
2016-06-09,325093.69140235777
2016-06-10,322997.1899241626
2016-06-13,321242.17265884276
2016-06-14,321553.5013617694
2016-06-15,321070.96619216795
2016-06-16,322840.67105094786
2016-06-17,320797.58789436216
2016-06-20,322202.7015523135
2016-06-21,322786.7017935931
2016-06-22,322499.25969211455
2016-06-23,325171.4104489505
2016-06-24,319931.6845025241
2016-06-27,318669.9274625003
2016-06-28,322386.8327025592
2016-06-29,325774.1370066821
2016-06-30,332211.6807555377
2016-07-01,331964.18361385004
2016-07-05,333229.2680445446
2016-07-06,335105.5377741589
2016-07-07,332926.26065833704
2016-07-08,336822.8351155056
2016-07-11,337315.7641754879
2016-07-12,336611.9209872021
2016-07-13,337185.292444302
2016-07-14,336819.20093543665
2016-07-15,336291.7548180355
2016-07-18,337281.60227592126
2016-07-19,337377.96775157587
2016-07-20,338181.85401351587
2016-07-21,336520.1465321316
2016-07-22,340284.960167004
2016-07-25,341165.0923243298
2016-07-26,340930.4130326046
2016-07-27,340186.6726122631
2016-07-28,342037.93088348047
2016-07-29,343031.7647600903
2016-08-01,342345.75134549185
2016-08-02,339827.1987656121
2016-08-03,338593.0771025185
2016-08-04,339005.01541791006
2016-08-05,338040.89380440756
2016-08-08,337193.08907303854
2016-08-09,337825.77620492026
2016-08-10,337207.41593155905
2016-08-11,337303.243842936
2016-08-12,338070.99220738455
2016-08-15,337050.0820969109
2016-08-16,333223.79706177756
2016-08-17,335123.1399858956
2016-08-18,337886.2753017907
2016-08-19,338146.7316082482
2016-08-22,338550.9542597298
2016-08-23,337851.83312497183
2016-08-24,335802.14069352194
2016-08-25,336283.0295189385
2016-08-26,333630.13873944327
2016-08-29,336269.04376111075
2016-08-30,333620.3738306527
2016-08-31,333277.05437359854
2016-09-01,333364.9875944858
2016-09-02,335780.61922824435
2016-09-06,337193.2851017719
2016-09-07,336854.46379554324
2016-09-08,334171.6020907169
2016-09-09,322899.63885963015
2016-09-12,327757.36985957675
2016-09-13,321981.6290625339
2016-09-14,322091.0995806461
2016-09-15,325570.9603108173
2016-09-16,324468.2651461368
2016-09-19,326930.18167293124
2016-09-20,326529.53615367465
2016-09-21,331125.6464747196
2016-09-22,333928.1759003406
2016-09-23,332254.68202483706
2016-09-26,331101.9507607227
2016-09-27,332737.1026476627
2016-09-28,334109.59216010623
2016-09-29,330193.12676608615
2016-09-30,331619.8835772281
2016-10-03,329559.0557326927
2016-10-04,326492.6721439018
2016-10-05,328137.8890313759
2016-10-06,329373.663651432
2016-10-07,327449.93130966567
2016-10-10,329898.9309529915
2016-10-11,323878.1421193733
2016-10-12,324872.0527619972
2016-10-13,324096.76341911696
2016-10-14,324024.1573037758
2016-10-17,323792.18976208114
2016-10-18,326121.3459586754
2016-10-19,327342.25086971663
2016-10-20,327276.3549365654
2016-10-21,326084.8711213722
2016-10-24,328835.21838661574
2016-10-25,326249.8642291679
2016-10-26,323221.3858146324
2016-10-27,319369.51815029525
2016-10-28,320178.75320145034
2016-10-31,322227.5793561592
2016-11-01,318666.3228174605
2016-11-02,314540.03588928364
2016-11-03,313601.90706409595
2016-11-04,314415.6586390891
2016-11-07,321946.41697086475
2016-11-08,323427.4070335784
2016-11-09,324069.7836133399
2016-11-10,320507.16264499805
2016-11-11,321157.33389772556
2016-11-14,321149.36430420063
2016-11-15,325864.14539541386
2016-11-16,327012.9395748534
2016-11-17,329265.05562080524
2016-11-18,328665.28679527424
2016-11-21,331517.7050596633
2016-11-22,332394.79644931934
2016-11-23,333159.4601236739
2016-11-25,334337.7661291518
2016-11-28,332287.54589237354
2016-11-29,333395.85589279316
2016-11-30,332279.7295690932
2016-12-01,327152.4723565609
2016-12-02,329073.2897269756
2016-12-05,331682.98638511007
2016-12-06,333310.9218528301
2016-12-07,337614.1406543285
2016-12-08,338198.7679088146
2016-12-09,337485.22013640706
2016-12-12,337306.92020201986
2016-12-13,339400.6247212917
2016-12-14,336136.5141217739
2016-12-15,337488.13192630117
2016-12-16,336359.3637521297
2016-12-19,336907.78616118734
2016-12-20,338117.1437337429
2016-12-21,337510.0867393047
2016-12-22,336221.8089282543
2016-12-23,337010.3783977062
2016-12-27,338002.5677802593
2016-12-28,333970.6215541393
2016-12-29,335539.2115237743
2016-12-30,332965.6497142345
2017-01-03,335815.43599003204
2017-01-04,339622.6563040579
2017-01-05,338959.1377350653
2017-01-06,339335.6318175162
2017-01-09,337349.1182162131
2017-01-10,339772.41950767883
2017-01-11,341797.7943188513
2017-01-12,339778.0540358389
2017-01-13,340945.80123585113
2017-01-17,338198.43677299866
2017-01-18,339941.0741431082
2017-01-19,340682.2807995642
2017-01-20,341482.1574818457
2017-01-23,339754.90419357666
2017-01-24,346396.25708168396
2017-01-25,349528.4992405737
2017-01-26,348438.36548393616
2017-01-27,348691.65617626556
2017-01-30,345565.3514029349
2017-01-31,346175.04281299957
2017-02-01,346946.95461622183
2017-02-02,347580.1500679583
2017-02-03,352166.5679651827
2017-02-06,351944.30313268607
2017-02-07,350975.3281466097
2017-02-08,350633.0604988665
2017-02-09,354499.112672481
2017-02-10,355668.4159008593
2017-02-13,358040.59003034537
2017-02-14,358576.67782083456
2017-02-15,359336.2005774111
2017-02-16,358594.7908150286
2017-02-17,359406.4240032763
2017-02-21,363006.39146581595
2017-02-22,360423.2936560244
2017-02-23,358032.9279829592
2017-02-24,357669.0676018328
2017-02-27,360045.0996796221
2017-02-28,358668.440299663
2017-03-01,366479.0144169916
2017-03-02,360799.02949553623
2017-03-03,362900.34497958317
2017-03-06,361357.5113175501
2017-03-07,359115.8123763193
2017-03-08,356950.1809228052
2017-03-09,356645.4239380945
2017-03-10,358344.08416682377
2017-03-13,360393.8528683771
2017-03-14,357963.81578761234
2017-03-15,361670.76291590824
2017-03-16,360687.49852019444
2017-03-17,359710.869641601
2017-03-20,359347.8767083277
2017-03-21,348567.9599373926
2017-03-22,350838.32753592625
2017-03-23,350723.94940215244
2017-03-24,350921.1510699381
2017-03-27,349175.96231299534
2017-03-28,353039.5258544077
2017-03-29,355265.77844840183
2017-03-30,357915.32553130283
2017-03-31,357234.2119811167
2017-04-03,356707.6431085778
2017-04-04,356870.820365162
2017-04-05,353181.8256303979
2017-04-06,355884.64328214654
2017-04-07,356176.2904293252
2017-04-10,355082.83395597467
2017-04-11,354580.4751884652
2017-04-12,350221.620733471
2017-04-13,347023.3911087228
2017-04-17,350660.20739767083
2017-04-18,349537.27496549615
2017-04-19,350017.9487926675
2017-04-20,354076.3377935601
2017-04-21,351827.24598428735
2017-04-24,357579.27293416986
2017-04-25,360149.3655864907
2017-04-26,359286.3927414132
2017-04-27,359227.43862745294
2017-04-28,357514.53037187585
2017-05-01,360332.010524058
2017-05-02,357863.03741242853
2017-05-03,357082.3900292155
2017-05-04,356885.7098839518
2017-05-05,359570.96437814203
2017-05-08,358644.86636188
2017-05-09,360053.35607364145
2017-05-10,362596.08522298303
2017-05-11,361642.3301751849
2017-05-12,360990.0760815379
2017-05-15,364128.0198939082
2017-05-16,366315.9999597308
2017-05-17,353613.44601085153
2017-05-18,355991.67641570535
2017-05-19,359118.2076766726
2017-05-22,362003.71427562204
2017-05-23,363326.15696265665
2017-05-24,365411.1906874415
2017-05-25,369798.48109271494
2017-05-26,368709.79830481973
2017-05-30,368333.16026427713
2017-05-31,368221.18544843164
2017-06-01,371466.3715174614
2017-06-02,373367.36969212873
2017-06-05,371402.3264563499
2017-06-06,370919.92566422804
2017-06-07,372774.92067746504
2017-06-08,375835.2741015373
2017-06-09,369093.72236089094
2017-06-12,367177.4824698387
2017-06-13,370102.8519223152
2017-06-14,366524.27716283186
2017-06-15,364404.16395215376
2017-06-16,364247.7582133232
2017-06-19,370105.07835320814
2017-06-20,366575.65711335524
2017-06-21,368856.9694073616
2017-06-22,369220.69663934095
2017-06-23,371261.4222424446
2017-06-26,370858.84353570326
2017-06-27,364142.44455651625
2017-06-28,369671.3157294212
2017-06-29,364156.88884381636
2017-06-30,364480.2601931511
2017-07-03,362952.42390671367
2017-07-05,366471.83946934337
2017-07-06,362952.5402731001
2017-07-07,367291.93221417064
2017-07-10,369235.7445034086
2017-07-11,370795.431592375
2017-07-12,374097.69575634593
2017-07-13,373760.2390045225
2017-07-14,376745.48959675425
2017-07-17,376483.7989572584
2017-07-18,377589.064618498
2017-07-19,379382.9576200544
2017-07-20,379120.78574410075
2017-07-21,378235.502405554
2017-07-24,380016.6014427244
2017-07-25,378352.32164230937
2017-07-26,379487.6104358732
2017-07-27,375117.8870824873
2017-07-28,374418.5818237364
2017-07-31,372512.91808930034
2017-08-01,373189.61914962507
2017-08-02,371942.72359412885
2017-08-03,373101.11175292707
2017-08-04,375564.90425056196
2017-08-07,377964.40379852033
2017-08-08,378224.19601672865
2017-08-09,376084.230882108
2017-08-10,367352.40347427106
2017-08-11,368768.745429456
2017-08-14,374569.8009380696
2017-08-15,375591.2051462529
2017-08-16,376734.32771438337
2017-08-17,368180.70793193555
2017-08-18,368269.5578779576
2017-08-21,366898.3020967839
2017-08-22,372426.61913150526
2017-08-23,371838.4201082585
2017-08-24,371315.45363277174
2017-08-25,371430.8596062062
2017-08-28,371037.1620544789
2017-08-29,369343.2277149556
2017-08-30,372527.84124988294
2017-08-31,374287.1997207997
2017-09-01,375249.90541555476
2017-09-05,370224.93303491664
2017-09-06,370247.2175646026
2017-09-07,369615.22336008144
2017-09-08,368921.77336885524
2017-09-11,375130.2111406524
2017-09-12,376753.4581041534
2017-09-13,377243.819052716
2017-09-14,377361.7452478607
2017-09-15,378583.8223104675
2017-09-18,381480.9829559524
2017-09-19,382479.4966869552
2017-09-20,382686.65064527583
2017-09-21,382122.0987205703
2017-09-22,382179.85990430904
2017-09-25,376925.2544632156
2017-09-26,377805.79404260707
2017-09-27,383413.8198290069
2017-09-28,385612.95402910304
2017-09-29,388036.03343488765
2017-10-02,388424.17035949463
2017-10-03,390134.58768546814
2017-10-04,391133.853665235
2017-10-05,394134.147178533
2017-10-06,395827.1154087805
2017-10-09,395675.17372310394
2017-10-10,396285.12047565216
2017-10-11,397001.1014698767
2017-10-12,397000.3261917853
2017-10-13,397926.8439205908
2017-10-16,399227.53903949494
2017-10-17,398387.70691097016
2017-10-18,399166.47301948303
2017-10-19,398114.7255448126
2017-10-20,400876.17408740753
2017-10-23,399785.0758970999
2017-10-24,401756.23639381165
2017-10-25,397226.2675446295
2017-10-26,399733.10775459046
2017-10-27,404649.1845997595
2017-10-30,402560.4781082892
2017-10-31,405796.249780538
2017-11-01,403604.21775610856
2017-11-02,403660.13088686875
2017-11-03,407994.7727945607
2017-11-06,410704.0158584874
2017-11-07,410650.7869489949
2017-11-08,410879.49977477005
2017-11-09,406708.86603720597
2017-11-10,408535.424551801
2017-11-13,409908.2368210118
2017-11-14,409730.4681261342
2017-11-15,406764.96147807053
2017-11-16,412584.80979807785
2017-11-17,412162.0425413411
2017-11-20,414734.537669019
2017-11-21,417383.6945579808
2017-11-22,415864.2204759877
2017-11-24,417322.6693247121
2017-11-27,416476.8145521443
2017-11-28,419812.22867663315
2017-11-29,411610.22661288193
2017-11-30,415591.81918509415
2017-12-01,412440.79704527877
2017-12-04,402017.94380908035
2017-12-05,402181.5942721846
2017-12-06,403740.51332240127
2017-12-07,409108.10535388015
2017-12-08,411358.1451755049
2017-12-11,412747.10659461044
2017-12-12,410856.64842276595
2017-12-13,411460.4744248869
2017-12-14,409658.7431073668
2017-12-15,414302.2607007506
2017-12-18,418541.7583156111
2017-12-19,417045.24441580795
2017-12-20,416939.6131749632
2017-12-21,415717.28698687576
2017-12-22,415669.5623488905
2017-12-26,413690.6984181883
2017-12-27,415164.9781575682
2017-12-28,416377.26325182937
2017-12-29,414148.9250007155
2018-01-02,418972.5550374177
2018-01-03,424322.2332429078
2018-01-04,425472.89836970833
2018-01-05,430096.4221381333
2018-01-08,434491.5244816926
2018-01-09,434946.158382335
2018-01-10,432938.8119839814
2018-01-11,436945.29129687813
2018-01-12,439491.2627114442
2018-01-16,435934.82191459206
2018-01-17,443567.88946811226
2018-01-18,443808.361012378
2018-01-19,446909.73420993355
2018-01-22,449610.25936214
2018-01-23,451650.0278481629
2018-01-24,450130.4666642335
2018-01-25,449439.22735492256
2018-01-26,455905.6906479981
2018-01-29,449193.18986026314
2018-01-30,444923.16410151985
2018-01-31,447285.3798188355
2018-02-01,446346.4828997974
2018-02-02,437102.74453462404
2018-02-05,420994.3218099002
2018-02-06,427396.36843122286
2018-02-07,426806.220672739
2018-02-08,408489.765679491
2018-02-09,413929.88539708895
2018-02-12,420361.6862164859
2018-02-13,423521.1202536945
2018-02-14,433209.05920995516
2018-02-15,438495.43389810366
2018-02-16,438006.34249509615
2018-02-20,438360.7617875461
2018-02-21,435040.1486922626
2018-02-22,435364.29005445284
2018-02-23,441411.0457745914
2018-02-26,446031.0368367557
2018-02-27,439903.3663350467
2018-02-28,436524.38639272493
2018-03-01,431595.945266585
2018-03-02,437182.3250940844
2018-03-05,442368.6527379557
2018-03-06,447692.7359527155
2018-03-07,449931.2281120821
2018-03-08,452893.76440558874
2018-03-09,461742.37574658834
2018-03-12,461920.31478295766
2018-03-13,459201.71834073507
2018-03-14,458958.6174920603
2018-03-15,457698.23076901876
2018-03-16,458283.6551941439
2018-03-19,452929.88589225255
2018-03-20,457389.0407708689
2018-03-21,456895.54844031774
2018-03-22,444146.4028605028
2018-03-23,434598.97927508794
2018-03-26,447942.15547452413
2018-03-27,436082.9434932276
2018-03-28,431332.01330981695
2018-03-29,438965.3355315729
2018-04-02,428324.2063404124
2018-04-03,433621.1396685641
2018-04-04,438919.537057976
2018-04-05,441165.3378559153
2018-04-06,430765.9321743052
2018-04-09,432152.17659912515
2018-04-10,441723.8782053988
2018-04-11,440198.9743233721
2018-04-12,445960.5497618716
2018-04-13,442038.0995889704
2018-04-16,446763.17978678155
2018-04-17,456539.9709893267
2018-04-18,458635.5653730433
2018-04-19,453171.01768646645
2018-04-20,449501.9227410357
2018-04-23,447095.4191309016
2018-04-24,438332.75037012505
2018-04-25,438095.2460638087
2018-04-26,444876.40357742715
2018-04-27,443446.88081608224
2018-04-30,440544.72257719445
2018-05-01,439781.8870759486
2018-05-02,436903.9110551356
2018-05-03,439764.2607827662
2018-05-04,444165.9412942408
2018-05-07,449151.3261170863
2018-05-08,452214.56258826243
2018-05-09,461098.7995667933
2018-05-10,467075.4644551753
2018-05-11,467986.168207693
2018-05-14,466390.1726689814
2018-05-15,463736.74757437693
2018-05-16,466037.2348847865
2018-05-17,468787.66924147593
2018-05-18,469671.64927535044
2018-05-21,475550.10043578135
2018-05-22,472088.34183936106
2018-05-23,475248.34353690135
2018-05-24,478859.8591180323
2018-05-25,478969.9548669337
2018-05-29,477855.35086684214
2018-05-30,483456.6265492915
2018-05-31,479239.80131010996
2018-06-01,486383.73704914737
2018-06-04,488769.56318478275
2018-06-05,489896.77026371646
2018-06-06,492646.386518523
2018-06-07,486299.1879482715
2018-06-08,488617.0424147098
2018-06-11,489527.4249306171
2018-06-12,493223.3270912616
2018-06-13,493780.9318933933
2018-06-14,494713.25951771426
2018-06-15,492836.78953556705
2018-06-18,495269.1868343799
2018-06-19,492514.24977879215
2018-06-20,496042.3825827091
2018-06-21,490978.4359169452
2018-06-22,486983.727316901
2018-06-25,473211.89928917575
2018-06-26,474986.3406086414
2018-06-27,466965.6455603092
2018-06-28,471890.63950066257
2018-06-29,471745.53675751376
2018-07-02,475757.7396951582
2018-07-03,472534.70744093915
2018-07-05,475815.6917153265
2018-07-06,480683.7135806944
2018-07-09,485854.1188541319
2018-07-10,487242.0892520811
2018-07-11,483789.8855400946
2018-07-12,491612.0427642729
2018-07-13,490739.99803074857
2018-07-16,489551.64813002606
2018-07-17,493162.79959973355
2018-07-18,495096.57601412793
2018-07-19,494716.7277027037
2018-07-20,493378.23571785947
2018-07-23,493210.8604112532
2018-07-24,488339.25662335416
2018-07-25,495398.30767020246
2018-07-26,494694.74205931684
2018-07-27,483326.0013199713
2018-07-30,472187.53676470777
2018-07-31,476332.53196534177
2018-08-01,477744.6654116861
2018-08-02,488581.7106129877
2018-08-03,486987.9039766542
2018-08-06,490918.4408213846
2018-08-07,494085.89265224856
2018-08-08,496053.69259521883
2018-08-09,497935.55758879107
2018-08-10,497655.6200749628
2018-08-13,493800.68742535036
2018-08-14,497261.14893505495
2018-08-15,489639.0691768877
2018-08-16,491625.0713073961
2018-08-17,492142.43945143145
2018-08-20,496561.83751413744
2018-08-21,498902.00632736605
2018-08-22,502673.89448187273
2018-08-23,505100.2327778093
2018-08-24,512334.2758261911
2018-08-27,515462.07550785464
2018-08-28,517465.51597092074
2018-08-29,521176.23815128725
2018-08-30,518232.98266765993
2018-08-31,521913.10801813524
2018-09-04,522699.93751642643
2018-09-05,513740.77331469
2018-09-06,513506.53549501835
2018-09-07,514292.98322794377
2018-09-10,518726.0330917591
2018-09-11,521530.9415981525
2018-09-12,523245.2289535755
2018-09-13,525920.2806503528
2018-09-14,525281.3506042713
2018-09-17,517267.3938095325
2018-09-18,522775.7670681232
2018-09-19,516219.4588081592
2018-09-20,518400.72855684697
2018-09-21,517623.20863649785
2018-09-24,519131.7463752979
2018-09-25,523801.48894617497
2018-09-26,522321.13802263676
2018-09-27,523605.6877701038
2018-09-28,524553.2865364307
2018-10-01,522399.52796998224
2018-10-02,514892.70152249536
2018-10-03,516716.4234644433
2018-10-04,505736.10107388697
2018-10-05,501650.94669738016
2018-10-08,493763.1395718118
2018-10-09,492979.01521172724
2018-10-10,470318.2823168298
2018-10-11,465116.46564450464
2018-10-12,478153.35104146204
2018-10-15,473638.83507027826
2018-10-16,488520.1403347512
2018-10-17,487464.2876326104
2018-10-18,480258.9630610009
2018-10-19,469310.29939904413
2018-10-22,473538.56510272226
2018-10-23,469872.7020122071
2018-10-24,448846.7978359719
2018-10-25,455545.8059135934
2018-10-26,445577.8047420045
2018-10-29,438680.20832743845
2018-10-30,450038.3275248071
2018-10-31,460266.8685752412
2018-11-01,467356.31962794217
2018-11-02,462706.1035806552
2018-11-05,462417.4057275668
2018-11-06,463550.5692750827
2018-11-07,475646.72043150815
2018-11-08,473920.92527598294
2018-11-09,467402.83010023984
2018-11-12,454155.8221513644
2018-11-13,453256.34793108853
2018-11-14,448973.414025487
2018-11-15,451310.5243865863
2018-11-16,450519.65697688016
2018-11-19,429361.87030238064
2018-11-20,421946.0901538745
2018-11-21,428161.343543233
2018-11-23,427049.7838289157
2018-11-26,436023.52310580167
2018-11-27,435435.1342241183
2018-11-28,452438.5182248965
2018-11-29,453788.1366607562
2018-11-30,455115.96004218014
2018-12-03,462837.25361123076
2018-12-04,448773.20762696257
2018-12-06,451347.5763441562
2018-12-07,437492.89436593046
2018-12-10,441624.4421831607
2018-12-11,441450.99251618376
2018-12-12,447940.1176592349
2018-12-13,445655.48615612974
2018-12-14,437457.4292236804
2018-12-17,424049.9162842273
2018-12-18,426614.92960419646
2018-12-19,421413.2510506152
2018-12-20,412548.2597595691
2018-12-21,403808.49454369536
2018-12-24,394918.5132719516
2018-12-26,417703.67973008147
2018-12-27,421523.71180119505
2018-12-28,421491.86130776396
2018-12-31,426811.3515926837
