symbol,side,entry_date,entry_price,exit_date,exit_price,qty,pnl,pct_return,holding_days
BCH/USD,long,2023-01-02,97.19532424926757,2023-01-09,103.18377685546875,139.97647056575244,838.2424599663227,0.061612558551100316,7
XRP/USD,long,2023-01-02,0.3396209306269884,2023-01-09,0.3444836197793484,40061.72051929771,194.80769379406658,0.014317990188009836,7
LTC/USD,long,2023-01-02,70.99754684448241,2023-01-09,77.48247459411621,9.125242217804555,59.176536480370615,0.09134016649672136,7
ETH/USD,long,2023-01-02,1204.1060296630858,2023-01-09,1284.2321786499024,0.2868027173731331,22.980397262063516,0.06654409745729473,7
UNI/USD,long,2023-01-02,5.25956129193306,2023-01-09,5.556984604597092,2586.9310881327815,769.4136138660225,0.05654907247116041,7
AAVE/USD,long,2023-01-09,59.44560668945312,2023-01-16,78.83909803390503,19.57188459952917,379.56717457558057,0.32623927022503946,7
SOL/USD,long,2023-01-09,14.361346745491026,2023-01-16,22.817898116111756,231.54227567922885,1958.0491487518257,0.5888411108293725,7
BTC/USD,long,2023-01-02,16674.580185316547,2023-01-16,20830.019047851565,0.8295821121597821,3447.277748532643,0.2492080050203754,14
MKR/USD,long,2023-01-09,597.7866551006204,2023-01-23,707.7770260620117,24.781173411897147,2725.6904564331358,0.18399602939091642,14
YFI/USD,long,2023-01-16,7104.477154541015,2023-01-23,7154.315478515626,2.449069128663021,122.05750067052549,0.007015058658152676,7
AAVE/USD,long,2023-01-09,59.44560668945312,2023-01-23,85.22699604034425,9.726552896024941,250.76404725445664,0.4336971356953999,14
SOL/USD,long,2023-01-09,14.361346745491026,2023-01-23,24.170967535972597,18.95919371055834,185.9825007938605,0.6830571647858483,14
ETH/USD,long,2023-01-02,1209.2393480675637,2023-01-23,1624.4794042968751,0.1697876857378855,70.50264817284423,0.3433894678443021,21
AVAX/USD,long,2023-01-16,16.838188385963438,2023-01-23,17.318801894187928,0.6885513834247377,0.3309270959805891,0.02854306515688686,7
LTC/USD,long,2023-01-02,72.79029031435886,2023-01-30,94.80908277511597,204.53178320837975,4503.54288609388,0.3024962857774674,28
SOL/USD,long,2023-01-09,14.361346745491026,2023-01-30,26.069963335990906,5.5782626033318365,65.31373806353619,0.8152868110489697,21
ETH/USD,long,2023-01-02,1209.2393480675637,2023-01-30,1642.0323358154299,11.006701153678929,4763.623077548589,0.3579051479258387,28
AVAX/USD,long,2023-01-16,16.838188385963438,2023-01-30,21.02398562908173,122.31529530779653,511.98702589057433,0.2485895244293402,14
YFI/USD,long,2023-01-30,7797.431293945312,2023-02-06,7608.801416015625,0.036097432299544874,-6.809054248238279,-0.024191284388251983,7
AAVE/USD,long,2023-01-09,60.583633525308386,2023-02-06,85.42925554275513,2.0473171459659625,50.866867958508145,0.4101045211668868,28
BCH/USD,long,2023-01-30,137.05822174072264,2023-02-06,134.1180424118042,2.4436113919619515,-7.184655702556162,-0.021452046375448213,7
DOT/USD,long,2023-01-23,6.22326022693819,2023-02-06,6.627963681221009,109.73990684158343,44.412119371463575,0.06503077800459114,14
YFI/USD,long,2023-01-30,7797.431293945312,2023-02-13,6957.413946533204,2.430045736150909,-2041.2805733715907,-0.10773000950510202,14
BCH/USD,long,2023-01-30,137.05822174072264,2023-02-13,122.58345170974732,137.86044839343893,-1995.4982868621696,-0.1056103738041903,14
DOT/USD,long,2023-01-23,6.22326022693819,2023-02-13,6.160591034889221,29.3483136359514,-1.8392351035647954,-0.010070154511247438,21
BTC/USD,long,2023-01-23,22801.612535106302,2023-02-13,21732.5325,0.025000265254395138,-26.727284455835587,-0.04688615918985121,21
AAVE/USD,long,2023-01-09,60.87864145813687,2023-02-20,90.0759273147583,220.256547220652,6430.893370993814,0.47959818348934274,42
SOL/USD,long,2023-01-09,15.037690979214684,2023-02-20,24.784258575439456,793.3772458504369,7732.704955987922,0.64814256455307,42
AVAX/USD,long,2023-01-16,16.917645580954783,2023-02-20,19.758569984436036,4.336019513252836,12.318303649170886,0.16792670054983616,35
DOT/USD,long,2023-01-23,6.22326022693819,2023-02-20,7.428617019653321,219.3425098180469,264.3859841403681,0.19368574489261875,28
BTC/USD,long,2023-01-23,22801.612535106302,2023-02-20,24275.781489257814,0.005011761298030604,7.388182911174797,0.06465196055243112,28
AVAX/USD,long,2023-01-16,16.917645580954783,2023-02-27,18.396345348358157,955.1974497817794,1412.4502468166127,0.08740576579214045,42
LTC/USD,long,2023-02-13,92.87968383657169,2023-02-27,95.01912002563478,5.572054947266537,11.921056001630058,0.02303449043633243,14
BTC/USD,long,2023-01-23,22801.612535106302,2023-02-27,23502.547543945315,0.016231575261426268,11.377279349338924,0.0307405894105,35
LINK/USD,long,2023-02-20,8.022286891937256,2023-02-27,7.472431064844132,2365.2819316315195,-1300.5640528256706,-0.06854103256338945,7
UNI/USD,long,2023-02-20,7.218140349388122,2023-02-27,6.589156751632691,2628.606215952339,-1653.350194791991,-0.0871392862025396,7
MKR/USD,long,2023-02-27,777.4280421447753,2023-03-06,945.7532872009277,4.259936160235036,717.0547980951274,0.2165155306101067,7
YFI/USD,long,2023-02-27,9933.057827148437,2023-03-06,10174.07138671875,0.05651031175387833,13.619751388230274,0.02426378299254319,7
DOT/USD,long,2023-01-23,6.248499323974997,2023-03-06,5.964540127515793,2681.257950537321,-761.3678531344294,-0.045444383000839084,42
MKR/USD,long,2023-02-27,777.4280421447753,2023-03-13,901.4962870788574,0.2585393164052405,32.076519232855546,0.15958807530508107,14
LTC/USD,long,2023-02-13,92.7357441791709,2023-03-13,76.15037921905518,198.87917869780094,-3298.483761671099,-0.17884543987776508,28
ETH/USD,long,2023-02-27,1641.4932636441383,2023-03-13,1586.854098815918,0.8590497390416196,-46.93776028713475,-0.03328625589782845,14
BTC/USD,long,2023-01-23,22787.630821711686,2023-03-13,22101.015234375,0.03854438018480977,-26.465172239121614,-0.030131065081258384,49
LINK/USD,long,2023-03-06,6.9616537547111506,2023-03-13,6.572852590084076,2576.218643280398,-1001.6368088414007,-0.055848966111530854,7
MKR/USD,long,2023-02-27,777.4280421447753,2023-03-20,686.8750053405762,18.60958678833043,-1685.1545973546229,-0.11647770841193301,21
YFI/USD,long,2023-02-27,9704.125382639531,2023-03-20,8753.793090820312,0.036500415222269655,-34.68752325053263,-0.09793075154607365,21
SOL/USD,long,2023-03-13,20.361569905281065,2023-03-20,21.849850058555603,828.0930089582216,1232.4343902979151,0.07309260337968983,7
ETH/USD,long,2023-02-27,1641.4932636441383,2023-03-20,1780.952719116211,0.7463333522007964,104.08324289856972,0.08495889600087102,21
BTC/USD,long,2023-01-23,22787.630821711686,2023-03-20,27971.49755859375,0.13286349234457906,688.7466385110482,0.2274859891069922,56
XRP/USD,long,2023-03-13,0.3743305063419938,2023-03-27,0.44771890304982664,6588.051441353018,483.4865327096254,0.1960524068021968,14
BCH/USD,long,2023-03-20,136.44932720184326,2023-03-27,124.5694867515564,128.93718095344047,-1531.753137836639,-0.08706411892169727,7
ETH/USD,long,2023-02-27,1641.4932636441383,2023-03-27,1771.042619934082,0.07472103146255193,9.680061527294235,0.07892164967058245,28
BTC/USD,long,2023-01-23,22787.630821711686,2023-03-27,27924.083188476565,0.0072240619637871095,37.106050171550436,0.2254052826707615,63
UNI/USD,long,2023-03-20,6.524588742256165,2023-03-27,5.779876163005829,2696.6631374685444,-2008.2389604735017,-0.11413939003193299,7
YFI/USD,long,2023-02-27,9666.148507053986,2023-04-03,8539.590681152344,2.060646895519259,-2321.4378865671442,-0.1165467119690457,35
XRP/USD,long,2023-03-13,0.3743305063419938,2023-04-03,0.5176356656849385,4412.174336017641,632.2873462718592,0.3828305652759677,21
LTC/USD,long,2023-03-27,93.75070665359496,2023-04-03,92.77314685821534,185.20902060293866,-181.05289228306842,-0.010427225887391579,7
DOT/USD,long,2023-04-03,6.283363231420517,2023-04-10,6.20012475013733,2830.4115307461625,-235.59915722573174,-0.013247440616984515,7
AVAX/USD,long,2023-04-03,17.305003070831297,2023-04-10,17.51643051624298,16.439622844734913,3.4757874615938498,0.012217706321477503,7
ETH/USD,long,2023-02-27,1643.4671035245092,2023-04-10,1855.0918579101562,0.32909413928127584,69.64446639515593,0.12876725912663883,42
BTC/USD,long,2023-01-23,22877.080410589642,2023-04-10,28265.18727539063,0.0023642697614908448,12.73893813213021,0.23552423509019396,77
LINK/USD,long,2023-03-27,7.280683735962878,2023-04-10,7.193914242982864,2443.6036581055796,-212.03025045792756,-0.011917767084349011,14
AVAX/USD,long,2023-04-03,17.305003070831297,2023-04-17,20.150842080116274,63.84727787776967,181.6990740212146,0.16445180608386148,14
LTC/USD,long,2023-04-10,90.90613431930541,2023-04-17,100.00706142425538,4.961604253541935,45.155198635094884,0.10011345409302311,7
ETH/USD,long,2023-02-27,1643.4671035245092,2023-04-17,2114.701217651367,0.5227317068616664,246.32901280897778,0.2867316985635243,49
BTC/USD,long,2023-01-23,22877.080410589642,2023-04-17,30241.353618164063,0.6266879424745877,4615.101224275546,0.32190616439698966,84
DOGE/USD,long,2023-04-10,0.08350524183362722,2023-04-17,0.09025579154491425,1663.8601007671678,11.231970322855826,0.0808398318842856,7
XRP/USD,long,2023-03-13,0.3841268671746038,2023-04-24,0.4638544484227896,105.4602655221679,8.408091887873889,0.20755533669022386,42
AVAX/USD,long,2023-04-03,17.305003070831297,2023-04-24,16.822591838836672,947.2599340858611,-456.9688318215077,-0.027876980432772102,21
LTC/USD,long,2023-04-10,90.90613431930541,2023-04-24,86.66778202056885,190.85481177241238,-808.9099302005371,-0.04662339159477904,14
XRP/USD,long,2023-03-13,0.3841268671746038,2023-05-01,0.47102450050413613,36597.2997382007,3180.2187335011536,0.2262211804362886,49
SOL/USD,long,2023-04-17,25.240435257919014,2023-05-01,22.771433300971985,30.85387070476338,-76.17826714945139,-0.09781930983826423,14
BTC/USD,long,2023-04-24,27660.709794921873,2023-05-01,29154.03575683594,0.02282364959005012,34.08314847845118,0.05398726110015516,7
MKR/USD,long,2023-04-24,690.6174253333809,2023-05-08,694.8645639038086,0.6309012469909625,2.679525020226282,0.006149770357122882,14
DOGE/USD,long,2023-04-10,0.08338172862237693,2023-05-08,0.07650525687262416,217941.06431582783,-1498.6655718788413,-0.08246976721837053,28
ETH/USD,long,2023-02-27,1649.2422697530478,2023-05-08,1867.7939099121095,0.19596176835584878,42.82776588264086,0.1325163950544312,70
LTC/USD,long,2023-05-01,88.7336099243164,2023-05-08,83.36105186462403,196.3654068433607,-1054.984549181068,-0.06054704710283719,7
MKR/USD,long,2023-04-24,690.6174253333809,2023-05-15,624.8163075256348,24.372240956846806,-1603.720698440251,-0.09527868164632829,21
BCH/USD,long,2023-05-08,116.66590690612793,2023-05-15,115.05370113372804,4.793610643336791,-7.728286749825122,-0.013818996613098865,7
SOL/USD,long,2023-04-17,25.170925023987774,2023-05-15,20.900844926834107,0.6178441675320983,-2.6382440829212883,-0.1696433521248941,28
ETH/USD,long,2023-02-27,1649.2422697530478,2023-05-15,1795.8702877807618,0.026378719575705034,3.8678593694944903,0.08890629394895973,77
SOL/USD,long,2023-04-17,25.170925023987774,2023-05-22,19.562988538742065,776.8071062989587,-4356.2849134120725,-0.2227942151470942,35
LTC/USD,long,2023-05-15,83.65361219406128,2023-05-22,92.04649057388306,18.460510368728364,154.9368183541761,0.10032894168815829,7
ETH/USD,long,2023-02-27,1649.2422697530478,2023-05-22,1800.3298141479493,0.0092366088846223,1.3955365549137126,0.09161027895405859,84
LINK/USD,long,2023-05-08,6.922092609875618,2023-05-22,6.4129216933250435,2487.3507815546764,-1266.4866772269818,-0.07355736845013454,14
XRP/USD,long,2023-05-22,0.4587189308553934,2023-05-29,0.4816678020358086,1091.5125417645104,25.048980712761338,0.05002817550525209,7
ETH/USD,long,2023-02-27,1649.2422697530478,2023-05-29,1904.5242416381836,0.30630013910702125,78.19290349993179,0.15478742969846443,91
BTC/USD,long,2023-04-24,27649.91788782199,2023-05-29,28005.402817382816,0.0155179587976223,5.5164004901005566,0.012856635994474102,35
UNI/USD,long,2023-05-22,5.125557742118835,2023-05-29,5.135740492343903,3187.2890214085032,32.45536800010202,0.001986661888791425,7
AAVE/USD,long,2023-05-29,69.2620482635498,2023-06-05,62.64579983711243,241.30652903395523,-1596.5439430099705,-0.09552487390008756,7
XRP/USD,long,2023-05-22,0.4587189308553934,2023-06-05,0.5346659588813782,3453.062965246627,262.2498697970759,0.1655633175730574,14
LTC/USD,long,2023-05-15,83.89757815434955,2023-06-05,94.05751029968262,5.443521400297158,55.305808058687596,0.12109923038113761,21
BTC/USD,long,2023-04-24,27649.91788782199,2023-06-05,27055.3016015625,0.5936104584011586,-352.97044625929044,-0.021505173674363075,42
MKR/USD,long,2023-06-05,684.4573645019531,2023-06-12,615.4525685119629,0.2573502134601746,-17.758398977799768,-0.10081679235083058,7
XRP/USD,long,2023-05-22,0.4587189308553934,2023-06-12,0.5198600792884827,2509.2576739119686,153.41889589751997,0.1332867346875715,21
SOL/USD,long,2023-06-05,21.876350908279417,2023-06-12,15.518338823318482,763.1891541496278,-4852.365865194447,-0.2906340326875381,7
ETH/USD,long,2023-02-27,1651.5763386318167,2023-06-12,1748.6927508544923,0.31751965304168017,30.836369513596722,0.058802254519538466,105
MKR/USD,long,2023-06-05,684.4573645019531,2023-06-19,669.7468515014649,1.8062074160006816,-26.57023767465616,-0.02149222692810428,14
BCH/USD,long,2023-05-08,116.56733098956323,2023-06-19,106.7764800453186,4.757550594193134,-46.58046872744742,-0.08399309533063977,42
LTC/USD,long,2023-05-15,83.42720024584298,2023-06-19,76.98681438446046,191.60717627904347,-1234.0241490469805,-0.07719767464812456,35
BTC/USD,long,2023-06-12,25999.120869140625,2023-06-19,26269.60280273438,0.004837092894820039,1.3083462391635312,0.0104035030628593,7
BCH/USD,long,2023-05-08,116.56733098956323,2023-06-26,194.82622787475586,50.703020608563605,3967.962461573376,0.6713621751552283,49
DOGE/USD,long,2023-06-19,0.06232241752557456,2023-06-26,0.06658711340278388,241085.82715294554,1028.157733112765,0.06842956429697647,7
ETH/USD,long,2023-02-27,1653.4268062149113,2023-06-26,1895.3001672363282,8.710786055942293,2106.907100489255,0.14628610115202065,119
MKR/USD,long,2023-06-05,686.679778402553,2023-07-03,856.5717095947266,2.2756733782507617,386.61854499363966,0.24741070952664299,28
BCH/USD,long,2023-05-08,116.56733098956323,2023-07-03,298.05715827941896,24.753355306697145,4492.482179456899,1.5569527563954029,56
XRP/USD,long,2023-05-22,0.4650329612800052,2023-07-03,0.4832867491990328,35599.013749409256,649.816847108264,0.039252675485161245,42
UNI/USD,long,2023-06-26,5.453268305063247,2023-07-03,5.554321467876434,3208.512953927136,324.2303819214191,0.01853075204815458,7
MKR/USD,long,2023-06-05,686.679778402553,2023-07-10,960.2906442260743,2.966857957147898,811.76457443064,0.39845481755707407,35
AAVE/USD,long,2023-06-26,69.18934271501273,2023-07-10,71.7989574623108,12.115078447985468,31.61568738253586,0.0377170044532282,14
LTC/USD,long,2023-07-03,113.51478397369384,2023-07-10,94.94425729751588,170.41395963019735,-3164.676983305694,-0.1635956659220841,7
BTC/USD,long,2023-06-12,26453.535716422324,2023-07-10,30096.99276855469,0.6300889055881755,2295.7018665356027,0.13773043766964246,28
YFI/USD,long,2023-07-03,7272.879334595695,2023-07-17,6942.790927734375,2.6993289038379973,-891.0171774625965,-0.04538620698560915,14
AAVE/USD,long,2023-06-26,69.18934271501273,2023-07-17,76.61171688079834,3.6449544449835116,27.05421570791105,0.10727626357657395,21
SOL/USD,long,2023-07-10,21.401157326698304,2023-07-17,27.31730446815491,158.19268177886818,935.8911821054054,0.27644052380644446,7
UNI/USD,long,2023-07-10,5.243886234760284,2023-07-17,5.707030645608902,137.0401485620814,63.46937886839228,0.0883208349903857,7
MKR/USD,long,2023-06-05,698.7163079981487,2023-07-24,1086.811318359375,1.70119353386103,660.2247221502477,0.55544003470183,49
LINK/USD,long,2023-07-17,6.6325841546058655,2023-07-24,7.875511718988419,409.81328917901646,509.36823337087816,0.18739717965273425,7
UNI/USD,long,2023-07-10,5.243886234760284,2023-07-24,6.133573443889619,145.76229645173999,129.68285072643127,0.16966180601551614,14
MKR/USD,long,2023-06-05,698.7163079981487,2023-07-31,1246.658988647461,2.2277769127744698,1220.694053474292,0.7842133844266364,56
AAVE/USD,long,2023-06-26,69.47199214889987,2023-07-31,70.73020963668823,281.02777187338774,353.59405712529355,0.018111147368447558,35
BCH/USD,long,2023-05-08,145.48154271553688,2023-07-31,252.20485221862793,81.42853706090135,8690.322963134495,0.733586594636059,84
UNI/USD,long,2023-07-10,5.243886234760284,2023-07-31,6.39975060582161,106.15475845326591,122.70050311475117,0.22042132863207786,21
MKR/USD,long,2023-06-05,698.7163079981487,2023-08-07,1218.474864807129,0.4703194595362561,244.45256352774408,0.74387637852351,63
SOL/USD,long,2023-07-10,21.892784805395348,2023-08-07,23.12744221687317,5.59784764633514,6.911424084871367,0.056395630910031545,28
DOGE/USD,long,2023-07-31,0.07825816122815013,2023-08-07,0.07407634561881424,560.9358425649698,-2.3457302622741714,-0.053436159803760604,7
MKR/USD,long,2023-06-05,698.7163079981487,2023-08-14,1241.3624487304687,0.002218693916317349,1.2039656911558865,0.7766329975709652,70
XRP/USD,long,2023-07-17,0.7378097637187478,2023-08-14,0.624532732218504,31280.874519660552,-3543.4046083187627,-0.15353148883432896,28
SOL/USD,long,2023-07-10,21.892784805395348,2023-08-14,24.18179702281952,840.63494195586,1924.2236525306237,0.10455555278924858,35
LINK/USD,long,2023-07-17,6.686329178621277,2023-08-14,7.350535601377487,50.058294183171256,33.24904050868221,0.09933797828559349,28
UNI/USD,long,2023-07-10,5.260729966368331,2023-08-14,6.079555860757828,18.328859686715532,15.008144926114442,0.15564872168391522,35
MKR/USD,long,2023-06-05,698.7163079981487,2023-08-21,1107.3378762817383,0.024103094387312396,9.849044229030977,0.5848175627305843,77
ETH/USD,long,2023-08-14,1843.9217950439452,2023-08-21,1680.8097830200197,0.2995273066034372,-48.85650163619385,-0.08845928957634458,7
BTC/USD,long,2023-08-14,29356.471831054685,2023-08-21,26123.219677734378,0.0028364785222786404,-9.171050290004217,-0.11013762729825108,7
LINK/USD,long,2023-07-17,6.686329178621277,2023-08-21,6.200719306468964,2694.4181800109723,-1308.4360679199942,-0.07262727562157585,35
UNI/USD,long,2023-07-10,5.260729966368331,2023-08-21,4.8928033483028415,3257.7785187969444,-1198.6234328273586,-0.0699383204265628,42
YFI/USD,long,2023-08-21,5711.2894921874995,2023-08-28,5794.978685302734,0.10092435209414274,8.44627759243668,0.014653292085738923,7
DOGE/USD,long,2023-07-31,0.07762755945100994,2023-08-28,0.06301606686785817,277049.8840651706,-4048.112326181297,-0.18822558233809927,28
BTC/USD,long,2023-08-14,29356.471831054685,2023-08-28,26024.391196289063,0.006516847538252546,-21.714661481931323,-0.11350412453995193,14
MKR/USD,long,2023-06-05,706.2663713734132,2023-09-04,1124.9818881225588,1.1019096488507518,461.3866680294121,0.59285778527853,91
SOL/USD,long,2023-08-21,21.795749841039314,2023-09-04,19.528905715942383,839.3110310477816,-1902.5872798597115,-0.10400395222139502,14
DOT/USD,long,2023-08-28,4.50350066781044,2023-09-04,4.250742441415787,3883.5922891850237,-981.6098990543546,-0.05612483377681858,7
ETH/USD,long,2023-08-14,1843.4047095525873,2023-09-04,1631.6354196166992,0.07970310127715585,-16.878669163151468,-0.11487943414622533,21
BTC/USD,long,2023-08-14,29356.471831054685,2023-09-04,25903.249497070316,0.010599942055683376,-36.60395664562602,-0.11763070010107227,21
MKR/USD,long,2023-06-05,706.2663713734132,2023-09-11,1113.4200448608399,0.09770470548715515,39.78082975610235,0.576487413234289,98
DOGE/USD,long,2023-09-04,0.06333093600347638,2023-09-11,0.06117069035768509,270543.0341017688,-584.4394114175096,-0.034110432943430774,7
ETH/USD,long,2023-08-14,1843.4047095525873,2023-09-11,1612.7278509521486,0.050692311787011946,-11.693543238221904,-0.12513630751026247,28
BTC/USD,long,2023-08-14,29356.471831054685,2023-09-11,25767.135556640627,0.007473905873977227,-26.82636146502276,-0.12226729067002819,28
MKR/USD,long,2023-06-05,706.2663713734132,2023-09-18,1249.7093270874025,1.184868730745384,643.9085651693543,0.769458914852769,105
YFI/USD,long,2023-08-21,5692.862591290678,2023-09-18,5360.377481689454,3.1911553318796164,-1061.011630274526,-0.05840385294208266,28
BCH/USD,long,2023-09-04,196.70536989883564,2023-09-18,209.29086067199708,5.342918663593011,67.24325354240189,0.06398142958493751,14
DOT/USD,long,2023-09-11,4.162269525527954,2023-09-18,4.064158297777176,4048.112169626304,-397.1652550349009,-0.023571570065091575,7
ETH/USD,long,2023-08-14,1843.4047095525873,2023-09-18,1619.0242044067384,10.395387632082233,-2332.5223280735217,-0.12172069648249316,35
AAVE/USD,long,2023-09-18,59.56686932563782,2023-09-25,61.61002753257752,5.610590225635974,11.463323465283809,0.03430024491920574,7
LINK/USD,long,2023-09-18,6.15923576593399,2023-09-25,6.971233395338059,293.9684423367944,238.70167829708384,0.13183415284979555,7
MKR/USD,long,2023-06-05,708.5808457835498,2023-10-02,1476.7539404296876,0.6599660117094697,506.9681335761326,1.0841008463849893,119
AAVE/USD,long,2023-09-18,59.56686932563782,2023-10-02,71.94831762313844,14.39468755065451,178.22707966710462,0.20785796597457898,14
BCH/USD,long,2023-09-04,197.06887072043895,2023-10-02,241.57674968719485,5.381854668656459,239.53493620923183,0.22584936324060323,28
LTC/USD,long,2023-09-18,63.736855829928,2023-10-02,68.05837812423707,278.6214414434529,1204.0687708704106,0.06780256474904234,14
BTC/USD,long,2023-08-14,29249.762560026695,2023-10-02,27906.85683105469,0.6747479777484531,-906.122924930672,-0.04591167966632473,49
LINK/USD,long,2023-09-18,6.15923576593399,2023-10-02,8.026303095817566,92.77893457056325,173.22451763810454,0.303132953638519,14
SOL/USD,long,2023-10-02,23.89755036354065,2023-10-09,23.186797013282778,18.25268256921288,-12.9731552872615,-0.029741682283144534,7
LINK/USD,long,2023-09-18,6.15923576593399,2023-10-09,7.67442801117897,6.1449346618428535,9.31075734716138,0.24600328723010265,21
UNI/USD,long,2023-10-02,4.665078378915786,2023-10-09,4.33157499074936,4223.19191135524,-1408.4488113140192,-0.07148934296017899,7
MKR/USD,long,2023-06-05,712.9793505934119,2023-10-16,1428.5994818115234,0.6084953360438341,435.4515122252974,1.003703866910734,133
AAVE/USD,long,2023-09-18,59.854137730677095,2023-10-23,79.00034551620483,18.511804627703953,354.4308578871138,0.319881106159762,35
SOL/USD,long,2023-10-02,23.83667705266361,2023-10-23,29.189064831733706,103.61701634599456,554.5984519940076,0.22454420837454764,21
BTC/USD,long,2023-10-09,28002.98888952748,2023-10-23,30065.333833007815,0.6719938819338694,1385.8831844560357,0.07364731499256517,14
LINK/USD,long,2023-09-18,6.171291700011757,2023-10-23,10.342147572040558,370.11876872020684,1543.7120398647444,0.6758481165330192,35
MKR/USD,long,2023-06-05,807.8125889119563,2023-10-30,1421.9685177612305,14.616991614229859,8977.11206181939,0.7602703118015053,147
AAVE/USD,long,2023-09-18,59.854137730677095,2023-10-30,84.4052031326294,2.330240505947131,57.20988706378643,0.4101815903258618,42
BCH/USD,long,2023-09-04,199.1495487205165,2023-10-30,245.69580551147462,86.9265844619691,4046.107122327724,0.2337251431901583,56
SOL/USD,long,2023-10-02,23.83667705266361,2023-10-30,32.73698698997498,47.20319392303327,420.12305594600866,0.3733871930910274,28
AVAX/USD,long,2023-10-23,10.086801533699035,2023-10-30,11.333811407089234,133.74152647684582,166.77700399890352,0.12362787839376628,7
LINK/USD,long,2023-09-18,6.171291700011757,2023-10-30,11.073118908405304,73.60186052475365,360.78360250862437,0.7942951729836735,42
YFI/USD,long,2023-10-30,5874.083156738281,2023-11-06,5955.573262939453,3.8186471420360335,311.1819611493192,0.01387282134535213,7
SOL/USD,long,2023-10-02,23.83667705266361,2023-11-06,41.13546712875367,100.52291702017897,1738.9248393682963,0.7257215440671928,35
AVAX/USD,long,2023-10-23,10.086801533699035,2023-11-06,12.335456178188325,1969.48261578799,4428.68623123258,0.22293039443442517,14
LINK/USD,long,2023-09-18,6.171291700011757,2023-11-06,12.196363291740418,55.11100219761488,332.0477337325452,0.9763064014162842,49
XRP/USD,long,2023-11-06,0.662779788672924,2023-11-13,0.6599440316855908,36252.2081348488,-102.80245252465431,-0.0042785809642916,7
SOL/USD,long,2023-10-02,23.83667705266361,2023-11-13,56.04017435073853,94.87688033443334,3055.3673594997017,1.3510061501830166,42
DOT/USD,long,2023-11-06,4.784718105792999,2023-11-13,5.694334251880646,236.88101942892808,215.4707999742545,0.19010861789043487,7
LINK/USD,long,2023-09-18,6.171291700011757,2023-11-13,15.963835601806641,253.429185143601,2481.7164215148164,1.5867899911093537,56
SOL/USD,long,2023-10-02,23.83667705266361,2023-11-20,61.217034358978275,37.19234496287328,1390.2631437719156,1.5681865900909047,49
AVAX/USD,long,2023-11-13,18.90655020713806,2023-11-20,22.805833854675296,242.8476069602841,946.9317026637855,0.2062398271930689,7
BTC/USD,long,2023-10-30,34826.762235286165,2023-11-20,37280.63903320313,0.7370021004676712,1808.5123543536859,0.07045951562590903,21
AAVE/USD,long,2023-09-18,63.8684338899745,2023-11-27,97.76449768066406,26.069655438066548,883.6587037300009,0.5307170025349607,70
DOT/USD,long,2023-11-06,4.82196740977204,2023-11-27,5.310910581350327,4.916347306955686,2.403814444843281,0.10139910331774754,21
DOGE/USD,long,2023-11-20,0.08077643426135182,2023-11-27,0.07849327487871051,342210.8159555999,-781.3218352903679,-0.02826516673481973,7
LINK/USD,long,2023-09-18,6.834501030026164,2023-11-27,14.750550656318666,23.81147058847,188.49278285333284,1.1582483624649036,70
AAVE/USD,long,2023-09-18,63.8684338899745,2023-12-04,102.54668643951416,274.8914288426632,10632.320108480339,0.6055926252422331,77
SOL/USD,long,2023-10-02,25.16562214270942,2023-12-04,62.88017489433289,23.38929075593404,882.1166400377336,1.4986537005821463,63
DOT/USD,long,2023-11-06,4.82196740977204,2023-12-04,5.532527886629105,5059.874710190577,3595.3469869100204,0.14735903760300548,28
AVAX/USD,long,2023-11-13,19.03026914910314,2023-12-04,21.91268277168274,2.136382075341544,6.15793679699934,0.1514646797686222,21
LINK/USD,long,2023-09-18,6.834501030026164,2023-12-04,15.702261257171632,43.76328596728399,388.08232670987434,1.297499289002451,77
SOL/USD,long,2023-10-02,25.16562214270942,2023-12-11,74.52744020462036,6.05628682760414,298.9493285149433,1.9614781538874553,70
AVAX/USD,long,2023-11-13,19.03026914910314,2023-12-11,36.98743881225586,391.66616386785086,7033.215755891173,0.9436109138792188,28
DOGE/USD,long,2023-12-04,0.08583104087039828,2023-12-11,0.10155746759846807,5544.184934924648,87.19021814596083,0.1832253992097814,7
LINK/USD,long,2023-09-18,6.834501030026164,2023-12-11,16.297262792587283,1778.1625008712567,16826.32812086458,1.3845578076567928,84
YFI/USD,long,2023-11-13,9267.571842770292,2023-12-18,8209.551635742188,3.526872460413489,-3731.502330728401,-0.11416369087588729,35
AVAX/USD,long,2023-11-13,19.03026914910314,2023-12-18,40.55010025978088,111.92554869448782,2408.6189048753154,1.1308211640134334,35
DOGE/USD,long,2023-12-04,0.08583104087039828,2023-12-18,0.09285129005089403,321418.632217389,2256.4388894201898,0.0817914953530165,14
AAVE/USD,long,2023-12-18,100.72346311569213,2023-12-25,99.61487113952637,311.87238298057497,-345.7392213599588,-0.011006293289304534,7
SOL/USD,long,2023-10-02,25.514228241756083,2023-12-25,112.28270713806153,117.95666292168761,10234.920217399065,3.4007879083836783,84
AVAX/USD,long,2023-11-13,19.03026914910314,2023-12-25,47.59654978752136,8.205768417344416,234.4082834637295,1.5010970372830745,42
DOT/USD,long,2023-12-11,7.341913742226876,2023-12-25,8.625890800952911,407.13095630414864,522.7468077917185,0.17488315768969953,14
BTC/USD,long,2023-12-18,41625.18667906782,2024-01-01,42174.5337890625,0.8456403023130034,464.55005617067906,0.01319746898026371,14
DOGE/USD,long,2023-12-25,0.09213275857269763,2024-01-01,0.08924931915476919,395844.8520663573,-1141.3946498321882,-0.0312965709764704,7
UNI/USD,long,2023-11-27,6.2241228579851935,2024-01-01,7.2121067154407505,499.36794379981166,493.36746740498774,0.1587346329753164,35
MKR/USD,long,2024-01-01,1702.4151019287108,2024-01-08,1743.8596490478517,2.3671770033466686,98.10657885454778,0.024344560308580024,7
BCH/USD,long,2024-01-01,260.04956466674804,2024-01-08,231.61117126464845,133.85576902074254,-3806.643018552452,-0.10935758896017851,7
UNI/USD,long,2023-11-27,6.2241228579851935,2024-01-08,5.988294793367386,4800.529089835887,-1132.0994843974831,-0.03788936529671065,42
MKR/USD,long,2024-01-01,1702.4151019287108,2024-01-15,2028.1996298217775,1.869201767899046,608.9570154918764,0.19136609368888757,14
AAVE/USD,long,2024-01-08,95.14494588851929,2024-01-15,99.14308450698853,332.81601224613,1330.6445514061843,0.042021555439779576,7
SOL/USD,long,2023-10-02,31.65237095619947,2024-01-15,93.80145343780518,3.706143460441808,230.33341561166154,1.9634890090100223,105
AVAX/USD,long,2023-11-13,22.519299817816595,2024-01-15,35.242928724288944,939.1666384874032,11949.607789452792,0.5650099696441625,63
DOT/USD,long,2023-12-11,7.315232441675868,2024-01-15,7.307235252857208,82.69408434197885,-0.6613202066689879,-0.001093224156911103,35
BTC/USD,long,2024-01-08,44058.57879882812,2024-01-15,41610.778740234375,0.7187442560973919,-1759.3422321891157,-0.05555785332455742,7
MKR/USD,long,2024-01-01,1702.4151019287108,2024-01-22,1985.3694735717775,0.051621795005711846,14.606612568928393,0.1662076254624975,21
SOL/USD,long,2023-10-02,31.65237095619947,2024-01-22,90.67643491744995,350.07009237718864,20662.559523392047,1.864759642900936,112
DOT/USD,long,2023-12-11,7.315232441675868,2024-01-22,6.791411973237992,4497.441334371103,-2355.8518265421403,-0.07160681121403616,42
ETH/USD,long,2024-01-15,2477.8461596679685,2024-01-22,2448.849836425781,0.23059032975759663,-6.68627173817385,-0.01170222902218953,7
UNI/USD,long,2024-01-15,6.335528173446655,2024-01-22,6.351545405387879,164.01674771986654,2.6270942904742083,0.0025281604789249307,7
MKR/USD,long,2024-01-01,1702.4151019287108,2024-01-29,1954.0091061401367,0.35172054525882146,88.49078034509296,0.14778652041231807,28
BCH/USD,long,2024-01-15,246.46833024555534,2024-01-29,236.29480636596682,5.026744978101505,-51.1397100713173,-0.041277205349071325,14
UNI/USD,long,2024-01-15,6.335528173446655,2024-01-29,5.926042842864991,5049.397223771341,-2067.6540914141456,-0.0646331796452096,14
LINK/USD,long,2024-01-22,15.41209037595154,2024-02-05,18.130303745269778,368.24218169611913,1000.960821433307,0.17636889630232375,14
MKR/USD,long,2024-01-01,1707.602863842509,2024-02-12,2021.6833685302736,16.08025257292283,5050.493843610329,0.18393064999961967,42
BCH/USD,long,2024-01-15,246.02848793286998,2024-02-12,275.9932546234131,10.951298223939773,328.15309623891477,0.12179389038361757,28
LTC/USD,long,2024-01-22,71.51059122522099,2024-02-12,71.36608240127563,478.92483128898664,-69.20886412780057,-0.0020208030932121783,21
ETH/USD,long,2024-01-15,2464.649646288071,2024-02-12,2501.3099102783203,14.000636859501634,513.2670433009463,0.014874432171510561,28
BTC/USD,long,2024-01-29,42148.005139488916,2024-02-12,48175.645751953125,0.035240468132559766,212.416876918068,0.14301129062966844,14
LINK/USD,long,2024-01-22,15.41209037595154,2024-02-12,20.07997096538544,42.10432964812867,196.53798309562606,0.30287134811495064,21
BCH/USD,long,2024-01-15,246.02848793286998,2024-02-19,269.7622586059571,125.32173673885796,2974.3573601130483,0.09646757118453275,35
SOL/USD,long,2024-02-12,107.76136157989501,2024-02-19,111.89837831497194,7.32324665611236,30.296393971432977,0.038390538820444596,7
DOGE/USD,long,2024-02-12,0.08140600625425577,2024-02-19,0.08495607990771532,426781.8792189044,1515.107105188989,0.04360948063674305,7
BTC/USD,long,2024-01-29,42148.005139488916,2024-02-19,52004.47546875,0.039525339652567104,389.5803375394944,0.23385378018819813,21
SOL/USD,long,2024-02-12,107.76136157989501,2024-02-26,103.19207971572877,315.03229797803033,-1439.4713657776297,-0.04240185718865983,14
ETH/USD,long,2024-02-19,2888.5001171874997,2024-02-26,3104.747730102539,0.4638228152141277,100.3005766055886,0.07486501787841278,7
UNI/USD,long,2024-02-19,7.665254492759704,2024-02-26,11.065528564453125,1308.2610029451876,4448.445967322151,0.44359571817285187,7
AVAX/USD,long,2024-02-12,39.59256552647105,2024-03-04,42.501264810562134,981.6690808308298,2855.380152626988,0.07346579453524851,21
DOT/USD,long,2024-02-26,7.94188428401947,2024-03-04,9.768317949771882,406.4585828833651,742.3696395121951,0.22997485236942222,7
BTC/USD,long,2024-01-29,42594.13259868915,2024-03-04,62979.16139648438,0.05399196560116126,1100.6277736292416,0.4785877198124368,35
LINK/USD,long,2024-01-22,15.852847406910632,2024-03-04,20.461495385169982,1965.4741538170338,9058.17848530988,0.2907142079882969,42
UNI/USD,long,2024-02-19,7.665254492759704,2024-03-04,12.593011322021486,28.21348942873874,139.0292152097724,0.6428693051113105,14
DOT/USD,long,2024-02-26,7.94188428401947,2024-03-11,10.253289463520051,4233.600850533694,9785.566933861646,0.2910398964325825,14
DOGE/USD,long,2024-03-04,0.15432585798203943,2024-03-11,0.16948223613202573,14355.245866472338,217.57353478828247,0.09821023092416703,7
ETH/USD,long,2024-02-19,2892.129765711176,2024-03-11,3871.534698486328,0.7056410367623602,691.1083121736282,0.3386448783823212,21
BTC/USD,long,2024-01-29,42594.13259868915,2024-03-11,68847.9955078125,0.028187621639416904,740.0339542554902,0.6163727562310148,42
LTC/USD,long,2024-03-04,90.89950309753418,2024-03-11,87.2871099472046,457.47439341379953,-1652.5773652191892,-0.0397405159239817,7
UNI/USD,long,2024-02-19,7.665254492759704,2024-03-11,14.164570205211641,230.93722884215595,1500.9339600039327,0.8478930110658339,21
MKR/USD,long,2024-03-11,2830.998567504883,2024-03-18,3272.1048999023437,2.4413093652699107,1076.8770203617835,0.15581298325637533,7
AAVE/USD,long,2024-03-11,126.9997367477417,2024-03-18,126.61843631744385,11.038964443099019,-4.209161892196226,-0.0030023718163700967,7
ETH/USD,long,2024-02-19,2892.129765711176,2024-03-18,3633.193081054688,11.175918384221388,8282.063129819608,0.25623446227395824,28
BTC/USD,long,2024-01-29,42594.13259868915,2024-03-18,68200.37642578126,0.6284559555808383,16092.396433191112,0.6011683362200958,49
BCH/USD,long,2024-03-04,462.8784646749162,2024-03-25,483.5417475128174,16.636900017941542,343.77297061660954,0.044640838610656056,21
DOGE/USD,long,2024-03-04,0.15435315473336458,2024-03-25,0.17601186186075213,31167.61761798765,675.0503018463987,0.14031917368194777,21
UNI/USD,long,2024-02-19,8.128403624445765,2024-03-25,12.000573513507844,3380.7671182665613,13090.904637282954,0.47637519837434283,35
MKR/USD,long,2024-03-11,2847.9544768163432,2024-04-01,3924.2288049316408,1.1297348218925585,1215.9045863808687,0.3779113524730345,21
AAVE/USD,long,2024-03-11,126.92999478103604,2024-04-01,127.93337802886964,344.145144567065,345.30947288186434,0.007905012913334706,21
BCH/USD,long,2024-03-04,462.8784646749162,2024-04-01,678.695066986084,16.423015716196943,3544.3594515725354,0.4662489590280201,28
DOGE/USD,long,2024-03-04,0.15435315473336458,2024-04-01,0.2195148351788521,20234.353457056306,1318.5044739897485,0.42215969319221386,28
BTC/USD,long,2024-03-25,67402.178984375,2024-04-01,71155.1506640625,0.6388572510409661,2397.6131705197536,0.05568027230332574,7
BCH/USD,long,2024-03-04,462.8784646749162,2024-04-08,683.1953237915039,4.487155847529905,988.596082694419,0.4759712882112982,35
LTC/USD,long,2024-04-01,105.44636152267455,2024-04-08,100.92269720077515,8.677672689671567,-39.2548783433881,-0.04290014616508756,7
SOL/USD,long,2024-03-18,199.5034067130948,2024-04-15,150.9211898803711,258.0951511990305,-12538.83459902591,-0.24351572553640466,28
AVAX/USD,long,2024-03-18,57.275672312355255,2024-04-15,37.223153285980224,938.8413741013618,-18826.134516915634,-0.35010534519818093,28
LTC/USD,long,2024-04-01,103.97982473086405,2024-04-22,83.95451992034913,28.14183165177593,-563.5487567530097,-0.19258836858349568,21
ETH/USD,long,2024-04-15,3164.7221533203124,2024-04-22,3139.7944152832033,0.057722730379113685,-1.4388971016772232,-0.00787675404962669,7
MKR/USD,long,2024-03-11,2865.4336902837113,2024-04-29,3063.185392456055,0.45462725661804804,89.90331385016196,0.06901283489577596,49
BCH/USD,long,2024-03-04,469.6757338278402,2024-04-29,469.4447236633301,76.75937960603034,-17.732196910483044,-0.0004918503296463401,56
LTC/USD,long,2024-04-01,103.97982473086405,2024-04-29,83.74280078887939,5.647568741451266,-114.28998383475344,-0.19462452446294382,28
DOGE/USD,long,2024-03-04,0.1564527491294133,2024-04-29,0.1463322489336133,243733.06298618537,-2466.700511674621,-0.06468726342052705,56
ETH/USD,long,2024-04-15,3164.7221533203124,2024-04-29,3254.184968261719,0.6091249325312393,54.49403111523903,0.028268773878789143,14
MKR/USD,long,2024-03-11,2865.4336902837113,2024-05-06,2906.31755859375,12.374749970788786,505.92764817538654,0.01426795128732884,56
YFI/USD,long,2024-04-29,6957.746007080078,2024-05-06,7037.6898046875,0.13397588502745172,10.710541036909882,0.011489898815805137,7
XRP/USD,long,2024-04-29,0.511650960445404,2024-05-06,0.5284644985198975,3323.8467471023323,55.885623836186376,0.032861343717320315,7
LTC/USD,long,2024-04-01,103.97982473086405,2024-05-06,81.17192018508912,452.65319286908965,-10324.070815298446,-0.21934932670650023,35
BTC/USD,long,2024-04-15,65865.18949633224,2024-05-06,63878.21671875,0.013565426684423731,-26.95413353823765,-0.030167267304269815,21
YFI/USD,long,2024-04-29,6957.746007080078,2024-05-13,6715.366772460938,0.07565618797712226,-18.3374889360967,-0.03483588426086545,14
XRP/USD,long,2024-04-29,0.511650960445404,2024-05-13,0.4982263147830963,71133.18598121786,-954.9378166288848,-0.026237897903330927,14
DOGE/USD,long,2024-05-06,0.16146866068243979,2024-05-13,0.14087792292237283,233970.8928678812,-4817.633298531261,-0.12752157398866848,7
ETH/USD,long,2024-04-15,3164.133146068142,2024-05-13,2921.4919299316407,12.012188133803466,-2914.6519372465254,-0.07668489438821992,28
BTC/USD,long,2024-04-15,65865.18949633224,2024-05-13,61297.590703125,0.011639891099504474,-53.16635253916031,-0.06934769076253229,28
MKR/USD,long,2024-05-13,2699.3785900878906,2024-05-20,2768.2290747070315,13.165451923339745,906.4477451519414,0.02550604975232433,7
YFI/USD,long,2024-04-29,6957.746007080078,2024-05-20,6778.8853125000005,5.265727201138556,-941.8316246648495,-0.025706700761722556,21
DOT/USD,long,2024-05-06,7.299722190739225,2024-05-20,6.920190972089768,4.0909476108927265,-1.5526423321932041,-0.05199255652919903,14
LTC/USD,long,2024-05-13,81.58626953125,2024-05-20,82.01566125869752,435.59477080408857,187.04079110267563,0.005263039110803484,7
SOL/USD,long,2024-05-13,143.87961502075194,2024-05-20,169.6661259841919,28.767435371428263,741.8117875953851,0.17922282430155745,7
BTC/USD,long,2024-04-15,65865.18949633224,2024-05-20,66113.04533203125,0.016846451373166205,4.175491283658855,0.0037630778502931767,35
DOT/USD,long,2024-05-06,7.299722190739225,2024-05-27,7.528365973234177,5350.574460484743,1223.3755831661158,0.03132225809703002,21
AVAX/USD,long,2024-05-20,35.71088456153869,2024-05-27,36.66016456604004,1042.0519266515478,989.1990576224183,0.02658237162581348,7
BTC/USD,long,2024-04-15,65865.18949633224,2024-05-27,68340.89923828126,0.5600590078411323,1386.5435417785918,0.03758752932893146,42
UNI/USD,long,2024-05-20,7.664909355640411,2024-05-27,11.131473898887634,1263.9811678861488,4381.672299926339,0.4522642581149726,7
SOL/USD,long,2024-05-13,146.07428261906287,2024-06-03,162.8420272064209,7.598190740042298,127.40452165505822,0.11478916265558868,21
DOGE/USD,long,2024-05-27,0.16663554441183803,2024-06-03,0.1568080044910312,241082.49911730766,-2369.2478842832215,-0.058976252368571375,7
ETH/USD,long,2024-05-27,3835.6925152587887,2024-06-03,3771.402112426758,0.20995863989471353,-13.498325536896436,-0.016761094007477623,7
LINK/USD,long,2024-05-20,16.645252072701737,2024-06-03,18.10318817138672,212.46868494002592,309.76576561419,0.08758870651625647,14
SOL/USD,long,2024-05-13,146.07428261906287,2024-06-10,161.6736907196045,237.71867066846025,3708.2705568755687,0.10679092733402133,28
ETH/USD,long,2024-05-27,3835.6925152587887,2024-06-10,3696.612504272461,0.015477053837836152,-2.1525488178022356,-0.036259426539810645,14
BTC/USD,long,2024-06-03,67923.28318359374,2024-06-10,69470.20171875,0.027471310382529368,42.49587921576536,0.02277449591143891,7
UNI/USD,long,2024-05-20,7.892932385232866,2024-06-10,9.791052832603455,246.83743278029715,468.52717833674535,0.24048355601295177,21
BCH/USD,long,2024-06-10,475.6335673522949,2024-06-17,427.07322624206546,80.0512412916778,-3887.315583421158,-0.10209611861616466,7
LINK/USD,long,2024-05-20,16.62573863776639,2024-06-17,15.088096933364868,2321.885932100711,-3570.228642061252,-0.09248561750565916,28
UNI/USD,long,2024-05-20,7.892932385232866,2024-06-17,11.950636489391327,745.5360277207524,3025.164599480493,0.5140933567035423,28
AAVE/USD,long,2024-05-27,107.00616940249215,2024-06-24,80.51161828994752,437.26052808722454,-11585.021410905227,-0.2475983512024268,28
XRP/USD,long,2024-06-17,0.49003603130578993,2024-06-24,0.47830026470124726,3258.721558969977,-38.2435956452631,-0.02394878305840204,7
ETH/USD,long,2024-05-27,3833.9809102544027,2024-06-24,3410.2362451171875,0.055722831050950106,-23.61225238418247,-0.11052341549324451,28
BTC/USD,long,2024-06-03,67890.95906118225,2024-06-24,63015.418183593756,0.005315301015114904,-25.914967375880327,-0.07181428786703004,21
MKR/USD,long,2024-06-24,2260.6624645996094,2024-07-01,2526.878397216797,1.5600227242308158,415.30290443511245,0.11776014189908611,7
LTC/USD,long,2024-06-17,79.05115122041187,2024-07-01,75.08231632232666,478.8993848465115,-1900.672591250372,-0.05020590891863456,14
AAVE/USD,long,2024-07-01,97.46067255020141,2024-07-08,78.03200826644898,365.4818397421362,-7100.823966158169,-0.19934876063721843,7
XRP/USD,long,2024-06-17,0.4897805262270864,2024-07-08,0.4187534860521555,574.3988413861371,-40.797849583566915,-0.14501809764073645,21
ETH/USD,long,2024-05-27,3831.346288260672,2024-07-08,2922.5369183349612,10.348937370615394,-9405.211251189616,-0.2372036619896046,42
BTC/USD,long,2024-06-03,67796.29549531663,2024-07-08,55709.95028320313,0.009472812098945349,-114.491677157339,-0.17827441932942234,35
UNI/USD,long,2024-05-20,8.213397236516299,2024-07-08,7.629343042373658,3831.6407429256287,-2237.885846353537,-0.07110994115150901,49
MKR/USD,long,2024-06-24,2254.5173587373433,2024-07-15,2774.9368725585937,2.1668699763340324,1127.6814195976215,0.2308341125892748,21
XRP/USD,long,2024-06-17,0.4897805262270864,2024-07-15,0.5214271514117718,7511.67244900715,237.71908250385684,0.06461389028360924,28
SOL/USD,long,2024-07-08,132.12652015686035,2024-07-15,147.29697235107423,0.21318359628725148,3.23409155606634,0.11481761705525544,7
BTC/USD,long,2024-06-03,67796.29549531663,2024-07-15,60663.418388671875,0.5573383315362899,-3975.4258256707885,-0.10521042565131745,42
YFI/USD,long,2024-07-08,5667.078048718979,2024-07-22,6005.2130126953125,5.860140287009242,1981.5183248441328,0.059666544393678855,14
XRP/USD,long,2024-06-17,0.4897805262270864,2024-07-22,0.5959862990677357,5175.098416785084,549.6253268810805,0.21684360066085412,35
SOL/USD,long,2024-07-08,132.12652015686035,2024-07-22,184.0841988372803,37.032157366011205,1924.1049332659568,0.39324186104906034,14
MKR/USD,long,2024-06-24,2264.0578976131237,2024-07-29,2629.434353027344,12.711089347078431,4644.332770088974,0.1613812331387008,35
AAVE/USD,long,2024-07-15,104.02557161277473,2024-07-29,98.5466103744507,18.423642626875164,-100.94242382138339,-0.05266936920778425,14
XRP/USD,long,2024-06-17,0.4897805262270864,2024-07-29,0.6004391692578793,3358.857778505815,371.6866439028771,0.22593516300704475,42
DOT/USD,long,2024-07-08,5.958976567534001,2024-07-29,5.707106273174286,5719.535979711445,-1440.5812108109005,-0.042267374524002525,21
SOL/USD,long,2024-07-08,132.12652015686035,2024-07-29,184.4249737930298,9.817230389431387,513.4259683572712,0.3958210174163433,21
AVAX/USD,long,2024-07-22,32.68717363357544,2024-07-29,27.332055172920228,1126.121861781058,-6030.515970971162,-0.16382935155808545,7
AAVE/USD,long,2024-07-15,104.02557161277473,2024-08-05,96.86942499160767,41.294704907805055,-295.51096299807966,-0.06879218744219091,21
XRP/USD,long,2024-06-17,0.4897805262270864,2024-08-05,0.5220875251293182,79.46433633520064,2.5672542267479073,0.06596219566159865,49
DOGE/USD,long,2024-07-29,0.13040119607001543,2024-08-05,0.10347266731783748,268855.7890306814,-7239.890845102194,-0.20650522820143,7
XRP/USD,long,2024-06-17,0.4897805262270864,2024-08-12,0.5515486831963062,3257.3096731376863,201.19801518772675,0.12611395035453302,56
SOL/USD,long,2024-07-08,133.00484962468212,2024-08-12,141.17824378967285,6.013707996363166,49.15240584743277,0.0614518507261555,35
LTC/USD,long,2024-08-05,62.552204065322876,2024-08-12,59.5581023311615,486.6686012390608,-1457.1353029317631,-0.04786564724457437,7
BTC/USD,long,2024-07-29,68232.17286581139,2024-08-12,58572.59604492188,0.006850724532782904,-66.17509990316886,-0.14156923948305866,14
AAVE/USD,long,2024-07-15,103.31592330429463,2024-08-19,111.1839442062378,50.90956142998721,400.5574934398991,0.07615496866605567,35
DOGE/USD,long,2024-08-12,0.10081741474568844,2024-08-19,0.09992156814783812,301083.6065415847,-269.724724588782,-0.008885831878451619,7
AAVE/USD,long,2024-07-15,103.31592330429463,2024-08-26,135.23522232055666,33.1453997552768,1057.9779258022186,0.3089484950180493,42
SOL/USD,long,2024-07-08,133.25131029188327,2024-08-26,158.51422027587893,219.38407568148705,5542.280155863497,0.18958845454245785,49
LTC/USD,long,2024-08-19,66.5478134727478,2024-08-26,64.68483695983888,471.2218663664535,-877.8752694098131,-0.027994556330116577,7
BTC/USD,long,2024-07-29,67887.04761574078,2024-08-26,64181.370996093756,0.013300387204757347,-49.286933896921774,-0.05458591513100066,28
YFI/USD,long,2024-08-26,5570.240483398437,2024-09-02,4991.189970703125,0.00871082714336957,-5.044008923368391,-0.10395431120453706,7
XRP/USD,long,2024-06-17,0.49160963416972636,2024-09-02,0.5466160060465336,844.9066220909517,46.475247855911924,0.11189034561885029,77
BCH/USD,long,2024-07-29,408.5983024074984,2024-09-02,311.96809455871585,94.15336713994928,-9098.059436396034,-0.23649194644086521,35
AAVE/USD,long,2024-07-15,103.49354139721186,2024-09-09,125.37534364700318,10.634610633654859,232.7044468891636,0.2114315729694493,56
XRP/USD,long,2024-06-17,0.49160963416972636,2024-09-09,0.527986713051796,55061.93278151613,2002.9922721924288,0.07399586247634561,84
AVAX/USD,long,2024-08-26,26.393764754375518,2024-09-09,23.157927260398868,110.83840934145633,-358.6550807198161,-0.12259855780673418,14
BTC/USD,long,2024-07-29,67792.3913160567,2024-09-09,54714.75700195313,0.5263520778634834,-6883.439994767207,-0.19290711037369948,42
YFI/USD,long,2024-08-26,5558.442834643484,2024-09-16,4871.552801513672,6.140301037024741,-4217.711582748942,-0.12357598226048297,21
AAVE/USD,long,2024-07-15,103.49354139721186,2024-09-16,143.18660751342773,22.01928204737564,874.0128181380865,0.3835318183177488,63
LTC/USD,long,2024-09-02,63.583773704013296,2024-09-16,63.17835107803345,494.07808176960367,-200.31043335011753,-0.006376196352659325,14
LINK/USD,long,2024-09-09,10.361706595420836,2024-09-16,10.796128907203675,28.184616811759497,12.244026392078036,0.041925749178694564,7
UNI/USD,long,2024-09-09,6.362121418714523,2024-09-16,6.520272406339646,4740.9228918989065,749.7816376083665,0.024858215871189346,7
AAVE/USD,long,2024-07-15,103.49354139721186,2024-09-23,161.85769306182863,16.3854769540676,956.3244620442841,0.5639400379644282,70
AVAX/USD,long,2024-08-26,26.369138718751284,2024-09-23,27.268853359222412,115.99482828166424,104.36224522394778,0.03411998586936533,28
DOT/USD,long,2024-09-16,4.412873492240905,2024-09-23,4.303365433216095,7088.039945736289,-776.1974967478997,-0.024815589936434023,7
DOGE/USD,long,2024-09-16,0.10319534137845039,2024-09-23,0.10607315266504884,303115.84164678736,872.3101902379124,0.027887027148295298,7
LINK/USD,long,2024-09-09,10.361706595420836,2024-09-23,11.105048961639405,2882.757398121737,2142.875705553896,0.07173937607411841,14
XRP/USD,long,2024-09-16,0.5726582234670604,2024-09-30,0.6403401419520378,2624.4814464196897,177.629939321913,0.1181890274363108,14
AVAX/USD,long,2024-08-26,26.369138718751284,2024-09-30,28.997206735610963,25.347295643079633,66.61441699346427,0.09966453758274785,35
LTC/USD,long,2024-09-23,68.76992288589477,2024-09-30,69.14102239608765,475.37628812710165,176.41190768127555,0.0053962472927098866,7
BTC/USD,long,2024-09-23,63802.209316406246,2024-09-30,65470.569609375,0.5123444769293749,854.7751816308154,0.02614894234610382,7
UNI/USD,long,2024-09-23,6.652346361875534,2024-09-30,7.434886972904206,360.70882830423307,282.2693069046309,0.11763377437972818,7
AAVE/USD,long,2024-07-15,106.06242091224514,2024-10-07,149.659900932312,1.098515374909283,47.89250210934373,0.4110549207257765,84
XRP/USD,long,2024-09-16,0.5726582234670604,2024-10-07,0.5322580057382584,52870.585915522155,-2135.9831824364264,-0.07054856819169701,21
AVAX/USD,long,2024-08-26,26.369138718751284,2024-10-07,26.861250271797182,2.362988257887764,1.1628538214183695,0.018662405256943577,42
UNI/USD,long,2024-09-23,6.652346361875534,2024-10-07,7.060060586929322,4553.585902895955,1856.5617476150796,0.06128878487001077,14
AAVE/USD,long,2024-07-15,106.06242091224514,2024-10-14,154.3132469558716,4.570537278456726,220.53219914872534,0.45492857534855474,91
AVAX/USD,long,2024-08-26,26.369138718751284,2024-10-14,29.098677048683168,80.38200530327686,219.4057645120822,0.10351260839592345,49
LINK/USD,long,2024-10-07,11.304995024204253,2024-10-14,10.704826934337616,2782.5089918196436,-1669.973106657137,-0.053088753120338686,7
AAVE/USD,long,2024-07-15,106.06242091224514,2024-10-21,158.36580379486085,204.5568552779361,10699.015522865702,0.49313774315872855,98
AVAX/USD,long,2024-08-26,26.369138718751284,2024-10-21,28.862829394340515,1084.7902981275736,2705.131451410393,0.09456852960525215,56
DOGE/USD,long,2024-09-30,0.12442111573598731,2024-10-21,0.14172879248857498,45563.587521274196,788.599844506451,0.13910562246775954,21
SOL/USD,long,2024-09-30,159.0027091509813,2024-10-21,166.52126735687256,11.30762323742357,85.0170234808576,0.04728572391022591,21
BTC/USD,long,2024-10-07,62976.39127244345,2024-10-21,68829.49500000001,0.012046570558502445,70.50982704024379,0.09294123733186505,14
SOL/USD,long,2024-09-30,159.0027091509813,2024-10-28,176.11229621887207,12.926963780997653,221.17501233444983,0.10760563237727185,28
DOGE/USD,long,2024-09-30,0.12442111573598731,2024-10-28,0.14395021844655276,5975.144234134059,116.68920545884694,0.1569597137515211,28
DOGE/USD,long,2024-09-30,0.12442111573598731,2024-11-04,0.1510753666609526,16208.921506291168,432.0366610517509,0.21422610436578696,35
BTC/USD,long,2024-10-07,63006.36313627499,2024-11-04,68570.27748046875,0.017374498053998044,96.67021894580634,0.08830718148514148,28
BCH/USD,long,2024-10-21,369.343894670475,2024-11-11,441.03168136596685,1.4755991152298975,105.78243462065741,0.19409495521633302,21
SOL/USD,long,2024-09-30,159.22823034842162,2024-11-11,210.08718944549562,2.534331555268011,128.8934649077997,0.3194091838223972,42
DOGE/USD,long,2024-09-30,0.12442111573598731,2024-11-11,0.2783972565829754,66183.11996414099,10190.621401291684,1.2375402674712743,42
LTC/USD,long,2024-10-21,74.12498154514708,2024-11-11,76.33181688308716,490.008368626226,1081.3677837707235,0.02977181635581207,21
BTC/USD,long,2024-10-07,63006.36313627499,2024-11-11,80270.23552734376,0.47696344516901795,8234.236052602451,0.2740020456938475,35
UNI/USD,long,2024-10-14,7.676878561463651,2024-11-11,9.195910506248474,4649.221868966551,7062.316537352388,0.19787103998362698,28
YFI/USD,long,2024-11-11,6975.5359765625,2024-11-18,6107.996425781251,6.028556666221363,-5230.011342072986,-0.12436887340215068,7
AAVE/USD,long,2024-11-11,190.84699089050292,2024-11-18,161.5722451400757,220.34622456321605,-6450.579701154693,-0.1533938031395182,7
BCH/USD,long,2024-10-21,369.343894670475,2024-11-18,430.9512327575684,94.87432002607694,5844.954309629619,0.1668021022577316,28
SOL/USD,long,2024-09-30,159.22823034842162,2024-11-18,236.98159217834473,21.188659099297183,1647.4894776385465,0.4883139231013494,49
DOGE/USD,long,2024-09-30,0.12442111573598731,2024-11-18,0.36565357089042666,34946.06607710627,8430.125317769613,1.9388385462345261,49
ETH/USD,long,2024-11-11,3199.6361248779294,2024-11-18,3068.0335931396485,13.14421510068629,-1729.8119849628595,-0.041130468153875395,7
LINK/USD,long,2024-11-11,14.324925696849823,2024-11-18,13.743923978805542,2935.6011234101543,-1705.5892961940199,-0.040558794533366964,7
XRP/USD,long,2024-11-18,1.0569799181818962,2024-11-25,1.428831949532032,3874.0884044526174,1440.5876428257127,0.35180614593866266,7
SOL/USD,long,2024-09-30,159.22823034842162,2024-11-25,252.2837712478638,177.97948769330677,16561.977496306274,0.5844160969183604,56
DOT/USD,long,2024-11-18,5.429574307203293,2024-11-25,8.79159888267517,1918.7987899647233,6451.048687247102,0.619205923936165,7
BTC/USD,long,2024-11-18,90068.328046875,2024-11-25,97788.36169921876,0.47062352419771103,3633.229444390946,0.08571307827903675,7
MKR/USD,long,2024-11-18,1492.1105450875102,2024-12-02,1833.5447863769532,29.873367535572022,10199.79057926871,0.2288263710846024,14
XRP/USD,long,2024-11-18,1.0569799181818962,2024-12-02,2.3149400371313096,10974.417067701052,13805.378999885688,1.1901457135658944,14
LINK/USD,long,2024-11-25,17.98950654029846,2024-12-02,18.8424071931839,2892.0166367688253,2466.60287765568,0.04741100879976043,7
YFI/USD,long,2024-11-25,7454.888780346729,2024-12-09,12969.57780029297,1.7548848573390563,9677.64425403762,0.7397412868833908,14
LTC/USD,long,2024-12-02,120.1653334236145,2024-12-09,134.8361827468872,488.87858179281426,7172.264010857629,0.12208886627521842,7
UNI/USD,long,2024-12-02,13.067629413604736,2024-12-09,18.595773811340333,624.8453208271421,3454.2351597818674,0.4230411058321132,7
XRP/USD,long,2024-11-18,1.183561757296221,2024-12-16,2.440881575345993,154.1583180959533,193.8263084592629,1.062318725912577,28
DOGE/USD,long,2024-09-30,0.20629453782899373,2024-12-16,0.40527926400303843,153441.07483345005,30532.43025958516,0.9645661405683535,77
AVAX/USD,long,2024-11-18,35.86532082486399,2024-12-16,50.62868053436279,11.580817747029869,170.97177812954945,0.41163328167592894,28
LINK/USD,long,2024-12-09,26.209804620742798,2024-12-16,29.151443209648132,453.6790442212291,1334.5597834588573,0.1122342814634063,7
AAVE/USD,long,2024-12-16,370.08213882446285,2024-12-23,316.70366249084475,11.252024914218197,-600.6159455888773,-0.1442341327338052,7
XRP/USD,long,2024-11-18,1.183561757296221,2024-12-23,2.1939404511451723,2803.287668851579,2832.38213333713,0.8536763608830211,35
DOT/USD,long,2024-11-18,6.2991307535219345,2024-12-23,6.813195090293885,7407.920735625168,3808.1478598183294,0.08160877379542081,35
AVAX/USD,long,2024-11-18,35.86532082486399,2024-12-23,36.428654794692996,1317.8813745636087,742.4073464966209,0.015706926827166873,35
UNI/USD,long,2024-12-02,13.11739428325472,2024-12-23,13.825512328147889,26.151604665512878,18.518423166562055,0.05398313335729579,21
AAVE/USD,long,2024-12-16,370.08213882446285,2024-12-30,331.1724353027344,11.02340277668182,-428.9173338412876,-0.10513802056300821,14
LTC/USD,long,2024-12-23,99.8247681236267,2024-12-30,98.0293444633484,541.9068645237304,-972.9524062331343,-0.017985753375903496,7
XRP/USD,long,2024-11-18,1.2080313413525996,2024-12-31,2.0749276345968246,25206.387107100643,21851.323549224573,0.7176107635366356,43
YFI/USD,long,2024-11-25,7789.132255817001,2024-12-31,7977.184302978516,6.33568551466586,1191.438631204469,0.024142875096397988,36
UNI/USD,long,2024-12-02,13.113957276142568,2024-12-31,13.181844692230225,4058.1976445063615,275.50055205855483,0.005176730002861986,29
LINK/USD,long,2024-12-09,25.801388452132034,2024-12-31,19.951362247467042,2519.797709787884,-14740.882632713954,-0.22673299987395018,22
AAVE/USD,long,2024-12-16,370.08213882446285,2024-12-31,307.8697844696045,158.91883388273354,-9886.714807173488,-0.16810417966257724,15
BTC/USD,long,2024-12-30,93761.01330078124,2024-12-31,93195.63011718751,0.564111793815424,-318.9393218901347,-0.006030045577472656,1
